year,selling_price,km_driven,fuel_Diesel,fuel_Electric,fuel_LPG,fuel_Petrol,seller_type_Individual,seller_type_Trustmark Dealer,transmission_Manual,owner_Fourth & Above Owner,owner_Second Owner,owner_Test Drive Car,owner_Third Owner
2007,60000,70000,False,False,False,True,True,False,True,False,False,False,False
2007,135000,50000,False,False,False,True,True,False,True,False,False,False,False
2012,600000,100000,True,False,False,False,True,False,True,False,False,False,False
2017,250000,46000,False,False,False,True,True,False,True,False,False,False,False
2014,450000,141000,True,False,False,False,True,False,True,False,True,False,False
2007,140000,125000,False,False,False,True,True,False,True,False,False,False,False
2016,550000,25000,False,False,False,True,True,False,True,False,False,False,False
2014,240000,60000,False,False,False,True,True,False,True,False,True,False,False
2015,850000,25000,False,False,False,True,True,False,True,False,False,False,False
2017,365000,78000,False,False,False,False,True,False,True,False,False,False,False
2015,260000,35000,False,False,False,True,True,False,True,False,False,False,False
2014,250000,100000,False,False,False,True,True,False,True,False,False,False,False
2018,1650000,25000,False,False,False,True,False,False,False,False,False,False,False
2007,60000,70000,False,False,False,True,True,False,True,False,False,False,False
2007,135000,50000,False,False,False,True,True,False,True,False,False,False,False
2012,600000,100000,True,False,False,False,True,False,True,False,False,False,False
2017,250000,46000,False,False,False,True,True,False,True,False,False,False,False
2014,450000,141000,True,False,False,False,True,False,True,False,True,False,False
2007,140000,125000,False,False,False,True,True,False,True,False,False,False,False
2016,550000,25000,False,False,False,True,True,False,True,False,False,False,False
2014,240000,60000,False,False,False,True,True,False,True,False,True,False,False
2015,850000,25000,False,False,False,True,True,False,True,False,False,False,False
2017,365000,78000,False,False,False,False,True,False,True,False,False,False,False
2015,260000,35000,False,False,False,True,True,False,True,False,False,False,False
2014,250000,100000,False,False,False,True,True,False,True,False,False,False,False
2018,1650000,25000,False,False,False,True,False,False,False,False,False,False,False
2015,585000,24000,False,False,False,True,False,False,True,False,False,False,False
2019,1195000,5000,True,False,False,False,False,False,True,False,False,False,False
2013,390000,33000,True,False,False,False,True,False,True,False,True,False,False
2014,1964999,28000,True,False,False,False,False,False,False,False,False,False,False
2013,1425000,59000,True,False,False,False,False,False,False,False,False,False,False
2018,975000,4500,True,False,False,False,False,False,False,False,False,False,False
2011,1190000,175900,True,False,False,False,False,False,False,False,False,False,False
2018,930000,14500,False,False,False,True,False,False,True,False,False,False,False
2018,525000,15000,False,False,False,True,True,False,True,False,False,False,False
2013,1735000,50000,True,False,False,False,False,False,False,False,False,False,False
2012,1375000,33800,True,False,False,False,False,False,False,False,True,False,False
2011,450000,130400,True,False,False,False,False,False,False,False,True,False,False
2016,900000,50000,False,False,False,True,True,False,False,False,False,False,False
2015,1300000,80000,True,False,False,False,True,False,True,False,False,False,False
2019,1400000,10000,False,False,False,True,True,False,True,False,False,False,False
2010,850000,119000,False,False,False,True,False,False,False,False,False,False,False
2014,229999,60000,False,False,False,True,True,False,True,True,False,False,False
2013,1550000,75800,True,False,False,False,False,False,False,False,True,False,False
2009,1250000,78000,True,False,False,False,False,False,False,False,False,False,True
2012,625000,40000,True,False,False,False,True,False,True,False,False,False,False
2014,1050000,50000,True,False,False,False,True,False,True,False,False,False,False
2014,560000,74000,True,False,False,False,True,False,True,False,True,False,False
2014,290000,64000,False,False,False,True,True,False,True,False,True,False,False
2012,275000,60000,False,False,False,True,True,False,True,False,True,False,False
2009,411000,120000,True,False,False,False,True,False,True,False,True,False,False
2009,150000,79000,False,False,False,True,True,False,True,False,False,False,True
2019,500000,15000,False,False,False,True,True,False,True,False,False,False,False
2006,100000,80000,False,False,False,True,True,False,True,False,False,False,False
2017,725000,18500,True,False,False,False,False,False,True,False,False,False,False
2018,401000,10200,False,False,False,True,False,False,True,False,False,False,False
2018,750000,29000,True,False,False,False,False,False,True,False,False,False,False
2018,310000,28000,False,False,False,True,False,False,True,False,False,False,False
2016,665000,46000,True,False,False,False,False,False,True,False,False,False,False
2014,465000,70000,True,False,False,False,False,False,True,False,False,False,False
2012,160000,60000,False,False,False,True,True,False,True,False,True,False,False
1996,250000,35000,True,False,False,False,True,False,True,False,True,False,False
2014,675000,90000,True,False,False,False,False,False,True,False,False,False,False
2013,300000,80000,False,False,False,True,False,False,True,False,False,False,False
2005,70000,80000,True,False,False,False,True,False,True,False,False,False,False
2014,240000,73300,False,False,False,True,False,False,True,False,True,False,False
2014,525000,92000,True,False,False,False,False,False,True,False,False,False,False
2009,151000,66764,False,False,False,True,False,False,True,False,True,False,False
2009,140000,100000,False,False,False,True,True,False,True,False,False,False,False
2010,280000,350000,True,False,False,False,True,False,True,False,True,False,False
2011,350000,230000,True,False,False,False,True,False,True,False,False,False,False
2017,570000,60000,True,False,False,False,True,False,True,False,False,False,False
2018,300000,31000,False,False,False,True,True,False,True,False,False,False,False
2007,100000,39000,True,False,False,False,True,False,True,False,False,False,False
2009,500000,120000,True,False,False,False,True,False,True,False,False,False,True
2014,125000,166000,True,False,False,False,True,False,True,True,False,False,False
2006,130000,110000,False,False,False,True,True,False,True,False,False,False,True
2017,925000,35000,True,False,False,False,True,False,True,False,False,False,False
2018,750000,60000,True,False,False,False,True,False,True,False,False,False,False
2007,200000,54000,False,False,False,True,True,False,False,False,True,False,False
2010,248000,63000,False,False,False,True,True,False,True,False,True,False,False
2014,450000,120000,True,False,False,False,True,False,True,False,True,False,False
2005,80000,120000,False,False,False,True,True,False,True,False,False,False,True
2014,650000,76000,False,False,False,True,True,False,True,False,True,False,False
2015,450000,80000,True,False,False,False,True,False,True,False,False,False,False
2019,650000,25000,True,False,False,False,True,False,True,False,False,False,False
2016,495000,11958,False,False,False,True,False,False,True,False,False,False,False
2015,371000,20000,False,False,False,True,False,False,True,False,False,False,False
2017,1025000,9000,False,False,False,True,False,False,True,False,False,False,False
2017,8150000,6500,True,False,False,False,False,False,False,False,False,False,False
2015,750000,70000,True,False,False,False,True,False,True,False,False,False,False
2013,600000,120000,True,False,False,False,True,False,True,False,False,False,False
2007,80000,58000,False,False,False,True,False,False,True,False,True,False,False
2013,325000,62200,True,False,False,False,False,False,True,False,False,False,False
2014,1470000,34000,True,False,False,False,False,False,False,False,True,False,False
2015,350000,53000,True,False,False,False,True,False,True,False,True,False,False
2013,2800000,49000,True,False,False,False,False,False,False,False,False,False,False
2017,210000,15000,False,False,False,True,False,False,True,False,True,False,False
2013,450000,50000,False,False,False,True,True,False,True,False,False,False,False
2013,1150000,53000,True,False,False,False,False,False,False,False,False,False,False
2009,210000,63500,False,False,False,True,False,False,False,False,False,False,False
2018,4500000,9800,False,False,False,True,False,False,False,False,False,False,False
2017,2750000,13000,True,False,False,False,True,False,False,False,False,False,False
2018,1975000,21000,True,False,False,False,False,False,False,False,False,False,False
2008,175000,29173,False,False,False,True,False,False,True,False,False,False,False
2012,2500000,48000,True,False,False,False,False,False,False,False,False,False,False
2017,628000,120000,True,False,False,False,True,False,True,False,False,False,False
2010,600000,100000,True,False,False,False,True,False,True,False,False,False,False
2017,399000,30000,False,False,False,True,True,False,True,False,False,False,False
2018,750000,87000,True,False,False,False,True,False,True,False,False,False,False
2019,750000,15000,False,False,False,True,True,False,True,False,False,False,False
2017,315000,16000,False,False,False,True,True,False,True,False,False,False,False
2012,600000,60000,True,False,False,False,True,False,True,False,False,False,False
2010,100000,60000,False,False,False,True,True,False,True,True,False,False,False
2011,250000,110000,False,False,False,True,True,False,True,False,False,False,True
2017,350000,25000,False,False,False,True,True,False,True,False,False,False,False
2016,780000,60000,True,False,False,False,True,False,True,False,False,False,False
2014,434000,79350,True,False,False,False,True,False,True,False,True,False,False
2016,690000,80000,False,False,False,True,True,False,False,False,False,False,False
2014,555000,90000,True,False,False,False,True,False,True,False,True,False,False
2007,120000,90000,False,False,False,True,True,False,True,False,True,False,False
2014,500000,120000,True,False,False,False,True,False,True,False,True,False,False
2013,165000,60000,True,False,False,False,True,False,True,False,True,False,False
2004,95000,50000,False,False,False,True,True,False,True,False,False,False,False
2018,550000,20000,False,False,False,True,True,False,True,False,False,False,False
2007,100000,110000,True,False,False,False,True,False,True,True,False,False,False
2012,100000,50000,False,False,False,True,True,False,True,False,True,False,False
2012,500000,100000,True,False,False,False,True,False,True,False,False,False,False
2016,800000,70000,True,False,False,False,True,False,True,False,True,False,False
2016,840000,70000,True,False,False,False,True,False,True,False,True,False,False
2016,490000,50000,False,False,False,True,True,False,True,False,False,False,False
2010,125000,81000,True,False,False,False,True,False,True,False,True,False,False
2012,400000,120000,True,False,False,False,True,False,True,False,False,False,True
2015,1000000,3600,True,False,False,False,False,False,True,False,False,False,False
2015,530000,14272,False,False,False,True,False,False,True,False,False,False,False
2017,840000,49213,True,False,False,False,False,False,True,False,False,False,False
2015,229999,40000,False,False,False,True,True,False,True,False,False,False,False
1998,40000,40000,False,False,False,True,True,False,True,True,False,False,False
2012,130000,80000,False,False,False,True,True,False,True,False,False,False,False
2015,200000,70000,False,False,False,True,True,False,True,False,False,False,False
2011,120000,70000,True,False,False,False,True,False,True,False,False,False,False
2003,75000,57000,False,False,False,True,True,False,True,False,False,False,False
2016,250000,120000,True,False,False,False,True,False,True,False,False,False,False
2005,100000,30000,False,False,False,True,True,False,True,False,False,False,False
2013,280000,3240,False,False,False,True,True,False,True,False,True,False,False
2015,540000,5000,False,False,False,True,True,False,True,False,False,False,False
2018,700000,10000,False,False,False,True,True,False,True,False,False,False,False
2015,525000,100000,True,False,False,False,True,False,True,False,False,False,False
2016,430000,80000,True,False,False,False,True,False,True,False,False,False,False
2002,65000,70000,False,False,False,True,True,False,True,False,False,False,False
2018,800000,35000,True,False,False,False,True,False,True,False,False,False,False
2007,75000,114000,False,False,False,True,True,False,True,False,True,False,False
2008,210000,53772,False,False,False,True,True,False,True,False,False,False,False
2012,195000,140000,True,False,False,False,True,False,True,False,True,False,False
2015,400000,120000,True,False,False,False,True,False,True,False,False,False,False
2012,170000,60000,False,False,False,True,True,False,True,False,False,False,False
2016,225000,25000,False,False,False,True,True,False,True,False,False,False,False
2014,210000,90000,False,False,True,False,True,False,True,False,False,False,False
2020,240000,120000,False,False,False,True,True,False,True,False,False,False,False
2015,300000,175000,True,False,False,False,True,False,True,False,False,False,False
2011,99000,100000,False,False,False,True,True,False,True,False,False,False,True
2014,620000,36000,False,False,False,True,True,False,True,False,False,False,False
2013,500000,30000,True,False,False,False,True,False,True,False,False,False,False
2010,2550000,40000,False,False,False,True,True,False,False,False,True,False,False
2013,260000,70000,False,False,False,True,True,False,True,False,True,False,False
2017,550000,60000,False,False,False,True,True,False,True,False,False,False,False
2011,150000,155500,True,False,False,False,True,False,True,False,False,False,False
2011,350000,50000,False,False,False,True,True,False,False,False,True,False,False
2016,320000,40000,False,False,False,True,True,False,True,False,False,False,False
2015,400000,100000,True,False,False,False,True,False,True,False,False,False,True
2012,175000,80000,False,False,False,True,True,False,True,False,False,False,True
2011,120000,90000,False,False,False,True,True,False,True,False,True,False,False
2013,320000,90000,True,False,False,False,True,False,True,False,True,False,False
2006,70000,110000,False,False,False,True,True,False,True,False,False,False,True
2019,810000,15000,False,False,False,True,True,False,True,False,False,False,False
2007,95000,100000,False,False,False,True,True,False,True,False,True,False,False
2020,282000,40000,False,False,False,False,True,False,True,False,False,False,False
2004,80000,60000,False,False,False,True,True,False,True,False,True,False,False
2013,72000,25000,False,False,False,True,True,False,True,False,False,False,False
2016,600000,25000,False,False,False,True,True,False,True,False,False,False,False
2015,640000,23000,False,False,False,True,True,False,True,False,False,False,False
2018,380000,22155,False,False,False,True,True,False,True,False,False,False,False
2018,650000,70000,False,False,False,True,True,False,True,False,False,False,False
2009,150000,60000,False,False,False,True,True,False,True,False,True,False,False
2009,280000,110000,False,False,False,True,True,False,True,False,True,False,False
2018,430000,30000,False,False,False,True,True,False,True,False,False,False,False
2019,800000,15000,True,False,False,False,True,False,True,False,False,False,False
2003,75000,100000,True,False,False,False,True,False,True,False,True,False,False
2016,650000,70000,True,False,False,False,True,False,False,False,False,False,False
2017,390000,24000,False,False,False,True,True,False,True,False,False,False,False
2005,100000,120000,False,False,False,True,True,False,True,False,True,False,False
2013,1500000,35000,True,False,False,False,True,False,False,False,False,False,False
2007,175000,78380,False,False,False,True,True,False,True,False,False,False,False
2012,434999,110000,True,False,False,False,True,False,True,False,True,False,False
2010,170000,90000,True,False,False,False,True,False,True,False,False,False,True
2011,190000,90000,True,False,False,False,True,False,True,False,False,False,True
2009,250000,150000,True,False,False,False,True,False,True,False,False,False,True
2009,229999,230000,True,False,False,False,True,False,True,False,False,False,True
2006,140000,70000,False,False,False,True,True,False,True,False,False,False,True
2017,600000,80362,True,False,False,False,True,False,True,False,False,False,False
2012,280000,110000,False,False,False,True,True,False,True,False,False,False,True
2012,150000,60000,True,False,False,False,True,False,True,False,False,False,False
2015,650000,50000,True,False,False,False,True,False,False,False,False,False,False
2014,210000,40000,False,False,False,True,True,False,True,False,True,False,False
2017,2900000,40000,True,False,False,False,True,False,False,False,False,False,False
2013,425000,20000,True,False,False,False,False,False,True,False,False,False,False
2014,265000,55000,False,False,False,True,False,False,True,False,False,False,False
2018,890000,1136,False,False,False,True,False,False,True,False,False,False,False
2013,365000,55000,False,False,False,True,False,False,True,False,False,False,False
2014,350000,43000,False,False,False,True,False,False,True,False,False,False,False
2016,685000,60000,True,False,False,False,True,False,True,False,False,False,False
2018,940000,2650,True,False,False,False,False,False,True,False,False,False,False
2017,1000000,40000,True,False,False,False,True,False,True,False,False,False,False
2019,1150000,15000,False,False,False,True,False,False,True,False,False,False,False
2016,450000,115962,True,False,False,False,True,False,True,False,True,False,False
2015,590000,65000,True,False,False,False,False,False,True,False,False,False,False
2017,800000,40000,True,False,False,False,True,False,True,False,False,False,False
2012,385000,58000,True,False,False,False,False,False,True,False,False,False,False
2013,2000000,15000,True,False,False,False,True,False,False,False,False,False,False
2012,235000,54000,False,False,False,True,False,False,True,False,False,False,False
2017,640000,56000,True,False,False,False,False,False,True,False,False,False,False
2006,52000,120000,False,False,False,True,True,False,True,False,False,False,True
2009,80000,90000,False,False,True,False,True,False,True,False,True,False,False
2012,140000,70000,False,False,False,True,True,False,True,False,True,False,False
2008,120000,90000,False,False,False,True,True,False,True,False,True,False,False
2008,89999,213000,True,False,False,False,True,False,True,False,False,False,False
2012,180000,120000,True,False,False,False,True,False,True,False,False,False,False
2017,1500000,20000,True,False,False,False,True,False,True,False,False,False,False
2017,700000,10000,False,False,False,True,True,False,True,False,False,False,False
2012,285000,80000,True,False,False,False,True,False,True,False,True,False,False
2015,390000,90000,False,False,False,True,True,False,True,False,False,False,False
2008,125000,80000,False,False,False,True,True,False,True,False,False,False,False
2008,225000,60000,False,False,False,True,True,False,True,False,True,False,False
2011,175000,139000,False,False,False,True,True,False,True,False,True,False,False
2011,1075000,160000,True,False,False,False,True,False,True,False,True,False,False
2014,300000,150000,True,False,False,False,True,False,True,False,False,False,False
2010,700000,163000,True,False,False,False,True,False,True,True,False,False,False
2009,90000,120000,True,False,False,False,False,False,True,False,False,False,False
2011,120000,120000,True,False,False,False,True,False,True,False,True,False,False
2012,220000,100000,True,False,False,False,True,False,True,False,True,False,False
2015,300000,140000,True,False,False,False,False,False,True,False,False,False,False
2010,180000,87000,True,False,False,False,False,False,True,False,True,False,False
2013,170000,70000,False,False,False,True,True,False,True,False,False,False,False
2015,300000,50000,False,False,False,True,True,False,True,False,True,False,False
2014,1050000,70000,True,False,False,False,True,False,True,False,False,False,False
2014,300000,150000,True,False,False,False,True,False,True,False,False,False,False
2018,465000,25000,True,False,False,False,True,False,True,False,False,False,False
2011,130000,80000,True,False,False,False,True,False,True,False,True,False,False
2018,434999,10000,False,False,False,True,True,False,True,False,False,False,False
2018,500000,32000,False,False,False,True,True,False,True,False,False,False,False
2018,200000,10000,False,False,False,True,True,False,True,False,False,False,False
2017,625000,52000,False,False,False,True,False,False,True,False,False,False,False
2006,110000,120000,True,False,False,False,True,False,True,False,False,False,True
2019,800000,11240,False,False,False,True,True,False,True,False,False,False,False
2017,490000,66000,True,False,False,False,False,False,True,False,False,False,False
2017,880000,64000,True,False,False,False,False,False,True,False,False,False,False
2013,290000,49000,False,False,False,True,True,False,True,False,False,False,False
2006,115999,100000,True,False,False,False,True,False,True,False,True,False,False
2018,360000,26500,False,False,False,True,True,False,True,False,False,False,False
2002,65000,100000,False,False,False,True,True,False,True,False,True,False,False
2017,685000,72000,True,False,False,False,False,False,True,False,False,False,False
2009,300000,50000,False,False,False,True,True,False,True,False,False,False,False
2017,680000,44000,True,False,False,False,False,False,True,False,False,False,False
2017,1000000,60000,True,False,False,False,True,False,True,False,True,False,False
2002,100000,120000,True,False,False,False,True,False,True,False,False,False,False
2010,160000,130000,True,False,False,False,True,False,True,False,False,False,False
2017,450000,70000,True,False,False,False,True,False,True,False,False,False,False
2014,600000,20000,False,False,False,True,True,False,True,False,False,False,False
2009,180000,60000,True,False,False,False,True,False,True,False,True,False,False
2007,100000,195000,False,False,False,True,True,False,True,False,False,False,False
2010,120000,90000,False,False,False,True,True,False,True,False,True,False,False
2006,130000,80000,False,False,False,True,True,False,True,False,False,False,True
2011,160000,155000,False,False,False,True,True,False,True,False,False,False,False
2019,860000,35000,True,False,False,False,True,False,True,False,False,False,False
2018,650000,20000,False,False,False,True,True,False,True,False,True,False,False
2010,100000,80000,False,False,False,True,True,False,True,False,True,False,False
2017,282000,20000,False,False,False,True,True,False,True,False,False,False,False
2009,300000,50000,False,False,False,True,True,False,True,False,False,False,False
2010,270000,110000,False,False,False,True,True,False,True,False,True,False,False
2013,550000,29000,True,False,False,False,True,False,True,False,False,False,False
2013,450000,120000,True,False,False,False,True,False,True,False,False,False,False
2011,430000,70000,True,False,False,False,True,False,True,False,True,False,False
2013,350000,40000,False,False,False,True,True,False,True,False,False,False,False
2017,350000,20000,False,False,False,True,True,False,True,False,False,False,False
2013,229999,50000,False,False,False,True,True,False,True,False,True,False,False
2013,110000,50000,False,False,False,True,True,False,True,False,False,False,False
2012,395000,49000,False,False,False,True,True,False,True,False,True,False,False
2011,650000,70000,True,False,False,False,True,False,False,False,True,False,False
2011,350000,90000,True,False,False,False,True,False,True,False,True,False,False
2020,1400000,25000,True,False,False,False,False,False,True,False,False,False,False
2018,360000,4000,False,False,False,True,True,False,True,False,False,False,False
2018,1300000,10000,True,False,False,False,True,False,True,False,False,False,False
2015,800000,15000,True,False,False,False,True,False,True,False,False,False,False
2018,229999,30000,False,False,False,True,True,False,True,False,False,False,False
2014,315000,41000,False,False,False,True,False,False,True,False,False,False,False
2012,125000,28000,False,False,False,True,True,False,True,False,False,False,False
2019,700000,16000,False,False,False,True,True,False,True,False,False,False,False
2015,160000,70000,False,False,False,True,True,False,True,False,False,False,False
2017,530000,10832,False,False,False,True,False,False,True,False,False,False,False
2018,624000,14681,True,False,False,False,False,False,True,False,False,False,False
2009,250000,50000,False,False,False,True,True,False,True,False,False,False,False
2016,585000,51000,True,False,False,False,False,False,True,False,False,False,False
2015,500000,25000,False,False,False,True,True,False,True,False,False,False,False
2014,350000,30000,False,False,False,True,True,False,True,False,False,False,False
2014,495000,80000,True,False,False,False,False,False,True,False,False,False,False
2017,500000,50000,False,False,False,True,True,False,True,False,False,False,False
2015,430000,200000,True,False,False,False,True,False,True,False,False,False,False
2013,345000,44000,False,False,False,True,False,False,True,False,False,False,False
2015,500000,10000,False,False,False,True,True,False,True,False,False,False,False
2019,425000,19600,False,False,False,True,True,False,True,False,False,False,False
2005,80000,40000,False,False,False,True,True,False,True,False,True,False,False
2011,106000,50000,True,False,False,False,True,False,True,False,False,False,False
2009,180000,46730,False,False,False,True,True,False,True,False,False,False,False
2015,250000,40000,False,False,False,True,True,False,True,False,True,False,False
2011,350000,80000,True,False,False,False,True,False,True,False,False,False,False
2002,60000,80000,False,False,False,True,True,False,True,False,True,False,False
2018,900000,24000,True,False,False,False,True,False,True,False,False,False,False
2017,700000,21170,True,False,False,False,False,False,True,False,False,False,False
2013,2000000,167223,True,False,False,False,False,False,False,False,False,False,False
2017,1000000,40000,True,False,False,False,True,False,True,False,False,False,False
2011,1375000,60000,True,False,False,False,True,False,False,False,False,False,False
2016,1800000,141440,True,False,False,False,False,False,True,False,False,False,False
2007,160000,120000,True,False,False,False,True,False,True,False,False,False,True
2012,525000,140000,False,False,False,True,True,False,False,False,False,False,False
2012,850000,212814,True,False,False,False,False,False,True,False,False,False,False
2019,800000,30000,True,False,False,False,True,False,True,False,False,False,False
2017,700000,88635,True,False,False,False,False,False,True,False,False,False,False
2018,800000,25000,True,False,False,False,True,False,True,False,False,False,False
2017,575000,20000,False,False,False,True,True,False,True,False,True,False,False
2012,350000,110000,True,False,False,False,True,False,True,False,True,False,False
2008,250000,120000,True,False,False,False,True,False,True,False,False,False,True
2011,600000,149674,True,False,False,False,False,False,True,False,True,False,False
2007,370000,100000,True,False,False,False,True,False,True,False,False,False,True
2006,80000,120000,False,False,False,True,True,False,True,False,False,False,True
2003,50000,120000,True,False,False,False,True,False,True,False,True,False,False
2018,900000,25000,True,False,False,False,True,False,True,False,False,False,False
2014,300000,35000,False,False,False,True,True,False,True,False,True,False,False
2002,125000,40000,False,False,False,True,True,False,True,False,False,False,False
2015,490000,60000,True,False,False,False,True,False,True,False,True,False,False
2012,300000,50000,True,False,False,False,True,False,True,False,True,False,False
2013,55000,25000,False,False,False,True,True,False,True,True,False,False,False
2016,350000,25000,False,False,False,True,True,False,True,False,False,False,False
2019,755000,8000,True,False,False,False,True,False,True,False,False,False,False
2017,720000,60000,True,False,False,False,True,False,True,False,False,False,False
2006,229999,200000,True,False,False,False,True,False,True,False,False,False,True
2018,1100000,20000,True,False,False,False,True,False,True,False,False,False,False
2013,400000,100000,False,False,False,True,True,False,True,False,False,False,False
2015,350000,70000,True,False,False,False,True,False,True,False,True,False,False
2012,159000,68000,True,False,False,False,False,False,True,False,False,False,False
2017,550000,38000,False,False,False,True,False,False,True,False,False,False,False
2013,335000,80000,True,False,False,False,False,False,True,False,False,False,False
2014,185000,72000,False,False,False,False,False,False,True,False,False,False,False
2012,229999,75000,False,False,False,False,False,False,True,False,False,False,False
2014,225000,43000,False,False,False,True,False,False,True,False,False,False,False
2007,250000,120000,False,False,False,True,True,False,True,False,True,False,False
2015,400000,100000,True,False,False,False,True,False,True,False,False,False,False
2014,470000,163000,True,False,False,False,True,False,True,False,False,False,False
2018,300000,25000,False,False,False,True,True,False,False,False,False,False,False
2011,145000,25000,False,False,False,True,True,False,True,False,False,False,False
2007,100000,90000,False,False,False,True,True,False,True,False,True,False,False
2014,500000,70000,True,False,False,False,True,False,True,False,True,False,False
2010,130000,98000,False,False,False,False,True,False,True,False,True,False,False
2010,240000,81925,True,False,False,False,True,False,True,False,False,False,False
2013,150000,80000,True,False,False,False,True,False,True,False,True,False,False
2017,270000,40000,False,False,False,True,True,False,True,False,False,False,False
2014,400000,90000,True,False,False,False,True,False,True,False,False,False,False
2012,200000,46000,False,False,False,True,True,False,True,False,False,False,False
2012,550000,80000,True,False,False,False,True,False,True,False,False,False,False
2018,325000,35000,False,False,False,True,True,False,True,False,False,False,False
2017,860000,82080,True,False,False,False,True,False,False,False,False,False,False
2012,600000,200000,True,False,False,False,True,False,True,False,False,False,False
2009,125000,70000,False,False,False,True,True,False,True,False,False,False,False
2000,60000,40000,False,False,False,True,True,False,True,False,False,False,True
2010,300000,120000,True,False,False,False,True,False,True,False,False,False,True
2007,190000,60000,False,False,False,True,True,False,True,False,False,False,True
2013,400000,110000,True,False,False,False,True,False,True,False,False,False,False
2011,260000,97000,True,False,False,False,True,False,True,False,True,False,False
2017,400000,30000,False,False,False,True,True,False,True,False,False,False,False
2010,250000,40000,False,False,False,True,True,False,True,False,False,False,False
2019,600000,10000,False,False,False,True,True,False,True,False,False,False,False
2010,175000,52047,False,False,False,True,True,False,True,False,False,False,False
2011,450000,200000,True,False,False,False,True,False,True,False,False,False,True
2019,350000,15000,False,False,False,True,True,False,False,False,True,False,False
2018,800000,50000,True,False,False,False,True,False,True,False,False,False,False
2011,250000,70000,False,False,False,True,True,False,True,False,True,False,False
2019,600000,10000,False,False,False,True,True,False,True,False,False,False,False
2017,600000,90000,True,False,False,False,True,False,True,False,False,False,False
2016,130000,40000,False,False,False,True,True,False,True,False,False,False,False
2006,90000,62009,False,False,False,True,True,False,True,False,True,False,False
2017,595000,33100,False,False,False,True,True,False,True,False,True,False,False
2014,190000,40000,False,False,False,True,True,False,True,False,True,False,False
1999,50000,120000,False,False,False,True,True,False,True,False,True,False,False
2007,95000,80000,False,False,False,True,True,False,True,False,False,False,False
2016,1000000,70000,True,False,False,False,True,False,True,False,False,False,False
2006,220000,220000,False,False,False,True,True,False,True,False,True,False,False
2010,400000,50000,True,False,False,False,True,False,True,False,False,False,False
2015,315000,45000,False,False,False,True,True,False,True,False,True,False,False
2014,1000000,110000,True,False,False,False,True,False,True,False,False,False,False
2014,500000,49000,True,False,False,False,True,False,True,False,False,False,False
2018,1600000,35000,True,False,False,False,True,False,False,False,False,False,False
2017,500000,160000,True,False,False,False,True,False,True,False,False,False,False
2007,70000,180000,False,False,False,True,True,False,True,False,False,False,True
2007,105000,60000,False,False,False,True,True,False,True,False,True,False,False
2008,400000,110000,True,False,False,False,True,False,True,False,False,False,True
2004,80000,60000,False,False,False,True,True,False,True,False,False,False,True
2016,300000,30000,False,False,False,True,True,False,True,False,False,False,False
2017,409999,40000,True,False,False,False,True,False,True,False,False,False,False
2009,250000,70000,False,False,False,True,True,False,True,False,False,False,False
2010,250000,120000,True,False,False,False,True,False,True,False,True,False,False
2012,215000,80000,True,False,False,False,True,False,True,False,False,False,True
2015,1400000,120000,True,False,False,False,True,False,True,False,False,False,False
2018,475000,20000,False,False,False,True,True,False,True,False,False,False,False
2018,475000,22000,False,False,False,True,True,False,True,False,False,False,False
2008,75000,35000,False,False,False,True,True,False,True,False,True,False,False
2013,200000,120000,True,False,False,False,True,False,True,False,True,False,False
2019,575000,8000,False,False,False,True,True,False,True,False,False,False,False
2011,150000,40000,True,False,False,False,True,False,True,False,True,False,False
2018,850000,10000,True,False,False,False,True,False,True,False,False,False,False
2019,350000,30000,False,False,False,True,True,False,True,False,False,False,False
2011,550000,54000,True,False,False,False,True,False,True,False,True,False,False
2017,330000,80577,False,False,False,True,True,False,True,False,False,False,False
2017,1044999,25000,True,False,False,False,True,False,True,False,False,False,False
2011,300000,127500,True,False,False,False,True,False,True,False,True,False,False
2015,235000,40903,False,False,False,True,False,False,True,False,False,False,False
2011,120000,60000,False,False,False,True,True,False,True,False,False,False,True
2004,130000,46000,False,False,False,True,True,False,True,False,False,False,False
2004,275000,22288,True,False,False,False,False,False,True,False,True,False,False
2011,270000,180000,True,False,False,False,True,False,True,False,True,False,False
2015,500000,30000,True,False,False,False,True,False,True,False,True,False,False
2015,400000,61690,False,False,False,True,False,False,True,False,False,False,False
2015,600000,64484,False,False,False,True,False,False,True,False,False,False,False
2012,1350000,90000,True,False,False,False,True,False,False,False,True,False,False
2013,400000,75976,True,False,False,False,False,False,True,False,True,False,False
2011,220000,70000,True,False,False,False,True,False,True,False,True,False,False
2012,300000,85962,False,False,False,True,False,False,True,False,True,False,False
2018,250000,120000,False,False,False,True,True,False,True,False,False,False,False
2015,600000,120000,True,False,False,False,True,False,True,False,False,False,False
2012,285000,75000,False,False,False,True,True,False,False,False,True,False,False
2009,350000,57035,False,False,False,True,False,False,True,False,False,False,False
2011,170000,70000,True,False,False,False,True,False,True,False,False,False,True
2015,229999,45000,False,False,False,True,True,False,True,False,False,False,False
2013,500000,72104,True,False,False,False,False,False,True,False,True,False,False
2011,75000,15000,False,False,False,True,True,False,True,False,False,False,False
2016,600000,30000,False,False,False,True,True,False,True,False,False,False,False
2011,220000,80000,True,False,False,False,True,False,True,False,False,False,False
2009,150000,164000,True,False,False,False,True,False,True,False,True,False,False
2006,65000,124439,False,False,False,True,True,False,True,False,True,False,False
2006,120000,77000,False,False,False,True,True,False,True,False,True,False,False
2014,240000,90000,True,False,False,False,True,False,True,False,False,False,False
2017,390000,30000,False,False,False,True,True,False,True,False,False,False,False
2012,180000,50000,False,False,False,True,True,False,True,False,False,False,False
2012,320000,80000,True,False,False,False,True,False,True,False,True,False,False
2018,310000,5000,False,False,False,True,True,False,True,False,False,False,False
2018,420000,24000,False,False,False,True,True,False,False,False,False,False,False
2019,550000,10000,False,False,False,True,True,False,True,False,False,False,False
2016,550000,78000,True,False,False,False,True,False,True,False,False,False,True
2018,760000,50000,True,False,False,False,True,False,True,False,False,False,False
2001,43000,100000,False,False,False,True,True,False,True,False,True,False,False
2018,250000,20000,False,False,False,True,True,False,True,False,False,False,False
2019,500000,1250,False,False,False,True,True,False,True,False,False,False,False
2015,380000,17152,False,False,False,True,True,False,True,False,False,False,False
2019,1850000,5000,True,False,False,False,True,False,False,False,False,False,False
2012,350000,77000,True,False,False,False,True,False,True,False,False,False,False
2008,195000,90000,True,False,False,False,True,False,True,False,True,False,False
2011,225000,80000,False,False,False,True,True,False,True,False,True,False,False
2015,1125000,65000,True,False,False,False,True,False,True,False,False,False,False
2011,133000,80000,True,False,False,False,True,False,True,False,False,False,False
2013,200000,24005,False,False,False,True,True,False,True,False,False,False,False
2018,940000,20000,True,False,False,False,True,False,True,False,False,False,False
2014,400000,120000,True,False,False,False,True,False,True,False,False,False,False
2009,120000,120000,False,False,False,True,True,False,True,False,True,False,False
2015,625000,80000,True,False,False,False,True,False,True,False,False,False,False
2005,110000,80000,False,False,False,True,True,False,True,False,False,False,False
2012,490000,100000,True,False,False,False,True,False,True,False,False,False,False
2009,140000,120000,False,False,False,True,True,False,True,False,True,False,False
2011,175000,149000,True,False,False,False,True,False,True,False,True,False,False
2005,90000,65000,False,False,False,True,True,False,True,False,True,False,False
2009,275000,100000,True,False,False,False,True,False,True,False,True,False,False
2011,300000,65000,True,False,False,False,True,False,True,False,True,False,False
2018,270000,19000,False,False,False,True,True,False,True,False,True,False,False
2010,130000,80000,False,False,False,True,True,False,True,False,True,False,False
2015,275000,30000,False,False,False,True,True,False,True,False,False,False,False
2012,352000,109000,True,False,False,False,True,False,True,False,False,False,False
2012,180000,90000,False,False,True,False,True,False,True,False,False,False,False
2012,150000,90000,False,False,False,True,True,False,True,False,False,False,False
2011,300000,65000,True,False,False,False,True,False,True,False,True,False,False
2010,300000,110000,True,False,False,False,True,False,True,False,True,False,False
2007,225000,120000,True,False,False,False,True,False,True,False,False,False,False
2014,600000,44000,True,False,False,False,True,False,True,False,False,False,False
2015,500000,80000,False,False,False,True,True,False,True,False,False,False,False
2018,900000,5000,False,False,False,True,True,False,True,False,False,False,False
2016,600000,61000,False,False,False,True,True,False,True,False,False,False,False
2011,450000,100000,True,False,False,False,True,False,True,False,True,False,False
2009,270000,27633,False,False,False,True,True,False,True,False,False,False,False
2010,310000,100000,True,False,False,False,True,False,True,False,False,False,True
2012,250000,100000,False,False,True,False,True,False,True,False,False,False,False
2019,700000,12586,False,False,False,True,False,False,True,False,False,False,False
2018,650000,38083,True,False,False,False,False,False,True,False,False,False,False
2012,400000,55328,True,False,False,False,False,False,True,False,False,False,False
2012,425000,81632,True,False,False,False,False,False,True,False,False,False,False
2016,600000,155201,True,False,False,False,False,False,True,False,False,False,False
2013,600000,93283,True,False,False,False,False,False,True,False,False,False,False
2009,300000,217871,True,False,False,False,False,False,True,False,False,False,False
2012,450000,90165,True,False,False,False,False,False,True,False,False,False,False
2014,750000,101504,True,False,False,False,False,False,True,False,False,False,False
2010,325000,86017,True,False,False,False,False,False,True,False,True,False,False
2013,900000,85036,True,False,False,False,False,False,True,False,True,False,False
2006,180000,91086,False,False,False,True,False,False,True,False,True,False,False
2013,350000,160254,True,False,False,False,False,False,True,False,True,False,False
2013,600000,125531,True,False,False,False,False,False,True,False,True,False,False
2019,900000,60000,True,False,False,False,True,False,True,False,False,False,False
2006,350000,100000,True,False,False,False,True,False,True,False,False,False,False
2013,280000,90000,True,False,False,False,True,False,True,False,False,False,True
2009,225000,120000,True,False,False,False,True,False,True,False,True,False,False
2014,520000,82000,True,False,False,False,True,False,True,False,False,False,False
2016,509999,60000,True,False,False,False,True,False,True,False,False,False,False
2019,556000,24000,False,False,False,True,True,False,True,False,False,False,False
2014,225000,120000,True,False,False,False,True,False,True,False,False,False,False
2013,325000,65000,True,False,False,False,False,False,True,False,False,False,False
2013,365000,65000,True,False,False,False,False,False,True,False,False,False,False
2015,850000,84000,True,False,False,False,False,False,True,False,False,False,False
2013,350000,75000,True,False,False,False,False,False,True,False,False,False,False
2007,225000,50000,True,False,False,False,False,False,True,False,False,False,False
2011,135000,50000,False,False,False,True,True,False,True,False,False,False,False
2007,140000,49000,False,False,False,True,False,False,True,False,False,False,False
2016,665000,560000,True,False,False,False,False,False,True,False,False,False,False
2015,275000,14365,False,False,False,True,False,False,True,False,False,False,False
2017,2750000,41000,True,False,False,False,True,False,False,False,False,False,False
2013,484999,65000,True,False,False,False,False,False,True,False,False,False,False
2015,565000,65000,True,False,False,False,False,False,True,False,False,False,False
2013,425000,61083,True,False,False,False,False,False,True,False,False,False,False
2013,925000,75000,True,False,False,False,True,False,True,False,False,False,False
2012,565000,72000,True,False,False,False,False,False,True,False,False,False,False
2014,525000,65000,True,False,False,False,False,False,True,False,False,False,False
2017,1650000,55000,True,False,False,False,False,False,True,False,False,False,False
2015,295000,21000,False,False,False,True,False,False,True,False,True,False,False
2012,2050000,66363,False,False,False,True,False,False,False,False,True,False,False
2018,1475000,11700,False,False,False,True,False,False,False,False,False,False,False
2017,1100000,10000,False,False,False,True,True,False,False,False,False,False,False
2014,4400000,100000,True,False,False,False,True,False,False,False,True,False,False
2016,670000,7104,False,False,False,True,False,True,True,False,False,False,False
2015,750000,45974,True,False,False,False,False,True,True,False,False,False,False
2015,760000,55340,False,False,False,True,False,True,True,False,False,False,False
2017,850000,20000,False,False,False,True,False,False,False,False,True,False,False
2015,390000,61585,True,False,False,False,False,True,True,False,False,False,False
2016,450000,39415,False,False,False,True,False,True,False,False,True,False,False
2014,425000,29654,False,False,False,True,False,True,True,False,False,False,False
2016,770000,64672,True,False,False,False,False,True,True,False,False,False,False
2015,1150000,54634,True,False,False,False,False,True,False,False,True,False,False
2015,775000,66521,False,False,False,True,False,True,True,False,False,False,False
2018,1725000,23974,True,False,False,False,False,False,False,False,True,False,False
2016,2150000,43000,True,False,False,False,False,False,False,False,False,False,False
2013,450000,1000,True,False,False,False,False,False,True,False,True,False,False
2018,3800000,10000,True,False,False,False,False,False,False,False,False,False,False
2013,1580000,86000,True,False,False,False,False,False,False,False,False,False,False
2019,4950000,30000,True,False,False,False,False,False,False,False,False,False,False
2016,535000,52600,True,False,False,False,True,False,True,False,False,False,False
2012,225000,110000,False,False,False,True,True,False,True,False,True,False,False
2017,550000,19890,False,False,False,True,False,False,False,False,False,False,False
2016,670000,7104,False,False,False,True,False,True,True,False,False,False,False
2015,625000,11918,False,False,False,True,False,True,True,False,False,False,False
2017,520000,10510,False,False,False,True,False,False,False,False,False,False,False
2016,239000,41000,False,False,False,True,False,False,True,False,False,False,False
2017,2600000,47162,True,False,False,False,False,True,False,False,False,False,False
2015,750000,45974,True,False,False,False,False,True,True,False,False,False,False
2012,229999,49824,False,False,False,True,False,False,True,False,False,False,False
2013,1300000,58500,True,False,False,False,False,False,False,False,False,False,False
2005,80000,56580,False,False,False,True,False,False,True,False,False,False,False
2012,385000,52000,True,False,False,False,False,False,True,False,False,False,False
2015,760000,55340,False,False,False,True,False,True,True,False,False,False,False
2017,600000,46507,True,False,False,False,False,True,True,False,False,False,False
2013,450000,1000,True,False,False,False,False,False,True,False,True,False,False
2018,3800000,10000,True,False,False,False,False,False,False,False,False,False,False
2013,1580000,86000,True,False,False,False,False,False,False,False,False,False,False
2019,4950000,30000,True,False,False,False,False,False,False,False,False,False,False
2016,535000,52600,True,False,False,False,True,False,True,False,False,False,False
2012,225000,110000,False,False,False,True,True,False,True,False,True,False,False
2017,550000,19890,False,False,False,True,False,False,False,False,False,False,False
2016,670000,7104,False,False,False,True,False,True,True,False,False,False,False
2015,625000,11918,False,False,False,True,False,True,True,False,False,False,False
2017,520000,10510,False,False,False,True,False,False,False,False,False,False,False
2016,239000,41000,False,False,False,True,False,False,True,False,False,False,False
2017,2600000,47162,True,False,False,False,False,True,False,False,False,False,False
2015,750000,45974,True,False,False,False,False,True,True,False,False,False,False
2012,229999,49824,False,False,False,True,False,False,True,False,False,False,False
2013,1300000,58500,True,False,False,False,False,False,False,False,False,False,False
2005,80000,56580,False,False,False,True,False,False,True,False,False,False,False
2012,385000,52000,True,False,False,False,False,False,True,False,False,False,False
2015,760000,55340,False,False,False,True,False,True,True,False,False,False,False
2017,600000,46507,True,False,False,False,False,True,True,False,False,False,False
2013,450000,1000,True,False,False,False,False,False,True,False,True,False,False
2018,3800000,10000,True,False,False,False,False,False,False,False,False,False,False
2013,1580000,86000,True,False,False,False,False,False,False,False,False,False,False
2019,4950000,30000,True,False,False,False,False,False,False,False,False,False,False
2016,535000,52600,True,False,False,False,True,False,True,False,False,False,False
2012,225000,110000,False,False,False,True,True,False,True,False,True,False,False
2017,550000,19890,False,False,False,True,False,False,False,False,False,False,False
2016,670000,7104,False,False,False,True,False,True,True,False,False,False,False
2015,625000,11918,False,False,False,True,False,True,True,False,False,False,False
2017,520000,10510,False,False,False,True,False,False,False,False,False,False,False
2016,239000,41000,False,False,False,True,False,False,True,False,False,False,False
2017,2600000,47162,True,False,False,False,False,True,False,False,False,False,False
2015,750000,45974,True,False,False,False,False,True,True,False,False,False,False
2012,229999,49824,False,False,False,True,False,False,True,False,False,False,False
2013,1300000,58500,True,False,False,False,False,False,False,False,False,False,False
2005,80000,56580,False,False,False,True,False,False,True,False,False,False,False
2012,385000,52000,True,False,False,False,False,False,True,False,False,False,False
2015,760000,55340,False,False,False,True,False,True,True,False,False,False,False
2017,600000,46507,True,False,False,False,False,True,True,False,False,False,False
2013,450000,1000,True,False,False,False,False,False,True,False,True,False,False
2018,3800000,10000,True,False,False,False,False,False,False,False,False,False,False
2013,1580000,86000,True,False,False,False,False,False,False,False,False,False,False
2019,4950000,30000,True,False,False,False,False,False,False,False,False,False,False
2016,535000,52600,True,False,False,False,True,False,True,False,False,False,False
2012,225000,110000,False,False,False,True,True,False,True,False,True,False,False
2017,550000,19890,False,False,False,True,False,False,False,False,False,False,False
2016,670000,7104,False,False,False,True,False,True,True,False,False,False,False
2015,625000,11918,False,False,False,True,False,True,True,False,False,False,False
2017,520000,10510,False,False,False,True,False,False,False,False,False,False,False
2016,239000,41000,False,False,False,True,False,False,True,False,False,False,False
2017,2600000,47162,True,False,False,False,False,True,False,False,False,False,False
2015,750000,45974,True,False,False,False,False,True,True,False,False,False,False
2012,229999,49824,False,False,False,True,False,False,True,False,False,False,False
2013,1300000,58500,True,False,False,False,False,False,False,False,False,False,False
2005,80000,56580,False,False,False,True,False,False,True,False,False,False,False
2012,385000,52000,True,False,False,False,False,False,True,False,False,False,False
2015,760000,55340,False,False,False,True,False,True,True,False,False,False,False
2017,600000,46507,True,False,False,False,False,True,True,False,False,False,False
2013,350000,50000,False,False,False,True,True,False,True,False,True,False,False
2014,114999,30000,False,False,False,True,True,False,True,False,False,False,False
2013,380000,50000,False,False,False,True,True,False,True,False,True,False,False
1995,95000,100000,False,False,False,True,True,False,True,False,True,False,False
2016,900000,35000,True,False,False,False,True,False,True,False,False,False,False
2012,200999,90000,False,False,False,True,True,False,True,False,True,False,False
2014,229999,11451,False,False,False,True,True,False,True,False,False,False,False
2019,800000,60000,True,False,False,False,True,False,True,False,False,False,False
2012,150000,172000,True,False,False,False,True,False,True,False,True,False,False
2018,600000,60000,True,False,False,False,True,False,True,False,False,False,False
2005,150000,150000,True,False,False,False,True,False,True,False,False,False,False
2009,150000,66000,True,False,False,False,True,False,True,False,False,False,False
2019,380000,5000,False,False,False,True,True,False,True,False,False,False,False
2006,80000,66508,False,False,False,True,True,False,True,False,True,False,False
2007,225000,55000,False,False,False,True,True,False,True,False,True,False,False
2012,75000,29900,False,False,False,True,True,False,True,False,False,False,False
2017,1600000,3000,True,False,False,False,True,False,True,False,False,False,False
2012,185000,85000,True,False,False,False,True,False,True,False,False,False,False
2011,425000,50000,True,False,False,False,True,False,True,False,False,False,False
2010,100000,120000,True,False,False,False,True,False,True,False,True,False,False
2008,140000,90000,False,False,False,True,True,False,True,False,False,False,True
2017,710000,8000,False,False,False,True,True,False,False,False,False,False,False
2015,450000,7900,False,False,False,True,True,False,False,False,False,False,False
2017,210000,50000,False,False,False,True,True,False,True,False,False,False,False
2016,270000,25000,False,False,False,True,True,False,True,False,False,False,False
2009,110000,20000,False,False,False,True,True,False,True,False,False,False,False
2018,540000,17500,False,False,False,True,True,False,True,False,False,False,False
2008,145000,25000,False,False,False,True,True,False,True,False,False,False,False
2013,360000,206500,True,False,False,False,True,False,True,False,False,False,False
2013,250000,88600,False,False,True,False,True,False,True,False,False,False,False
2012,110000,80000,True,False,False,False,True,False,True,False,False,False,False
2008,250000,100000,True,False,False,False,True,False,True,True,False,False,False
2011,150000,186000,True,False,False,False,True,False,True,False,True,False,False
2010,140000,60000,False,False,False,True,True,False,True,False,False,False,False
2019,925000,11000,False,False,False,True,True,False,True,False,False,False,False
2017,969999,30000,True,False,False,False,True,False,True,False,False,False,False
2007,90000,80000,False,False,False,False,True,False,True,False,False,False,True
2001,55000,60000,False,False,False,True,True,False,True,False,False,False,True
2007,155000,100000,True,False,False,False,True,False,True,True,False,False,False
2019,900000,15000,True,False,False,False,True,False,True,False,False,False,False
2011,135000,90000,False,False,False,True,True,False,True,False,False,False,False
2012,180000,120000,False,False,False,True,True,False,True,False,False,False,False
2013,495000,100000,True,False,False,False,True,False,True,False,True,False,False
2009,400000,138000,True,False,False,False,True,False,True,False,False,False,True
2008,250000,110000,True,False,False,False,True,False,True,False,True,False,False
2015,138000,120000,False,False,False,True,True,False,True,True,False,False,False
2011,311000,70000,False,False,False,True,True,False,False,False,True,False,False
2015,190000,70000,False,False,False,True,True,False,True,False,False,False,False
2011,311000,140000,True,False,False,False,True,False,True,False,False,False,False
2009,300000,15000,False,False,False,True,True,False,True,False,False,False,False
2018,600000,20000,False,False,False,True,True,False,True,False,False,False,False
2009,550000,100000,True,False,False,False,True,False,True,False,False,False,False
2015,600000,70000,False,False,False,True,True,False,False,False,False,False,False
2018,195000,5000,False,False,False,True,True,False,True,False,False,False,False
2013,58000,27974,False,False,False,True,True,False,True,False,False,False,False
2018,183000,40000,False,False,False,True,True,False,True,False,False,False,False
2007,95000,80000,False,False,False,True,True,False,True,False,False,False,False
2013,250000,38000,False,False,False,True,True,False,True,False,False,False,False
2013,250000,38000,False,False,False,True,True,False,True,False,False,False,False
2014,400000,35000,False,False,False,True,True,False,True,False,False,False,False
2012,409999,60000,True,False,False,False,True,False,True,False,True,False,False
2004,120000,120000,True,False,False,False,True,False,True,False,True,False,False
2018,600000,18000,False,False,False,True,True,False,False,False,False,False,False
2016,600000,10000,False,False,False,True,True,False,True,False,False,False,False
2015,825000,90000,True,False,False,False,True,False,True,False,False,False,True
2016,625000,80000,True,False,False,False,True,False,True,False,True,False,False
2020,700000,1400,True,False,False,False,True,False,True,False,False,False,False
2011,160000,60000,False,False,False,True,True,False,True,False,False,False,False
2011,114999,60000,False,False,False,True,True,False,True,False,False,False,True
2009,150000,53000,False,False,False,True,True,False,True,False,False,False,False
2010,250000,100000,True,False,False,False,False,False,True,False,False,False,False
2012,390000,86000,True,False,False,False,False,False,True,False,True,False,False
2015,650000,100000,True,False,False,False,True,False,True,False,False,False,False
2016,600000,30000,True,False,False,False,True,False,True,False,False,False,False
2011,250000,120000,False,False,False,True,True,False,True,False,False,False,False
2011,229999,60000,False,False,True,False,True,False,True,False,True,False,False
2016,299000,50000,True,False,False,False,True,False,True,False,True,False,False
2010,330000,124000,True,False,False,False,True,False,True,False,True,False,False
2012,180000,100000,False,False,False,True,True,False,True,False,False,False,True
2017,475000,42000,False,False,False,True,True,False,True,False,False,False,False
2015,325000,100000,True,False,False,False,True,False,True,False,False,False,False
2016,639000,28205,False,False,False,True,False,False,True,False,False,False,False
2017,415000,32670,False,False,False,True,False,False,False,False,False,False,False
2016,1199000,30093,True,False,False,False,False,False,False,False,False,False,False
2013,525000,56228,False,False,False,False,False,False,True,False,False,False,False
2013,425000,59319,False,False,False,True,False,False,True,False,False,False,False
2016,699000,39503,True,False,False,False,False,False,True,False,False,False,False
2013,325000,35299,False,False,False,True,False,False,True,False,False,False,False
2011,275000,51687,False,False,False,True,False,False,True,False,False,False,False
2011,269000,76259,False,False,False,True,False,False,False,False,False,False,False
2013,399000,44049,True,False,False,False,False,False,True,False,False,False,False
2017,475000,45087,True,False,False,False,False,False,True,False,False,False,False
2011,249000,41125,False,False,False,True,False,False,True,False,False,False,False
2014,1549000,42215,True,False,False,False,False,False,False,False,False,False,False
2011,254999,54206,False,False,False,True,False,False,True,False,False,False,False
2012,269000,52547,False,False,False,True,False,False,True,False,False,False,False
2014,665000,59110,True,False,False,False,False,False,True,False,False,False,False
2014,299000,54565,False,False,False,True,False,False,True,False,False,False,False
2010,265000,47564,False,False,False,True,False,False,True,False,True,False,False
2010,211000,45143,False,False,False,True,False,False,True,False,True,False,False
2013,599000,61624,False,False,False,True,False,False,False,False,True,False,False
2007,55000,195000,True,False,False,False,True,False,True,False,False,False,True
2014,550000,50000,True,False,False,False,True,False,True,False,False,False,False
2018,4000000,68000,True,False,False,False,True,False,False,False,False,False,False
2010,220000,120000,True,False,False,False,True,False,True,False,True,False,False
2019,500000,20000,False,False,False,True,True,False,True,False,False,False,False
2010,140000,30000,False,False,False,True,True,False,True,False,False,False,False
2013,325000,60000,True,False,False,False,True,False,True,False,False,False,False
2010,210000,90000,False,False,False,True,True,False,True,False,False,False,True
2008,110000,90000,False,False,False,True,True,False,True,False,True,False,False
2019,1200000,25000,True,False,False,False,True,False,True,False,False,False,False
2017,229999,40000,False,False,False,True,True,False,True,False,False,False,False
2012,225000,110000,False,False,False,True,True,False,True,False,True,False,False
2006,165000,132000,False,False,False,True,True,False,True,False,False,False,False
2018,525000,10980,False,False,False,True,False,False,False,False,False,False,False
2018,325000,20629,False,False,False,True,False,False,True,False,False,False,False
2018,1500000,50000,True,False,False,False,True,False,True,False,False,False,False
2015,400000,30000,False,False,False,True,True,False,False,False,False,False,False
2015,550000,69782,False,False,False,True,False,False,True,False,False,False,False
2003,98000,54000,False,False,False,True,True,False,True,False,False,False,False
2013,900000,63654,True,False,False,False,False,False,True,False,False,False,False
2017,700000,60000,True,False,False,False,True,False,True,False,False,False,False
2015,890000,52000,True,False,False,False,False,False,True,False,False,False,False
2015,490000,59385,True,False,False,False,False,False,True,False,False,False,False
2015,525000,70378,False,False,False,True,False,False,True,False,False,False,False
2013,330000,55425,False,False,False,True,False,False,True,False,False,False,False
2013,550000,78413,True,False,False,False,False,False,True,False,True,False,False
2018,790000,40890,True,False,False,False,False,False,True,False,False,False,False
2015,350000,34823,False,False,False,True,False,False,True,False,True,False,False
2017,1700000,75000,True,False,False,False,True,False,False,False,False,False,False
2017,750000,55545,True,False,False,False,False,False,True,False,False,False,False
2014,409999,56541,True,False,False,False,False,False,True,False,False,False,False
2016,220000,43700,False,False,False,True,True,False,True,False,False,False,False
2009,68000,120000,False,False,False,True,True,False,True,False,True,False,False
2017,290000,20000,False,False,False,True,True,False,True,False,False,False,False
2014,600000,27483,True,False,False,False,False,False,True,False,False,False,False
2019,470000,8000,False,False,False,True,True,False,True,False,False,False,False
2008,150000,30000,False,False,False,True,True,False,True,False,False,False,False
2014,180000,56207,False,False,False,True,False,False,True,False,True,False,False
2006,80000,70000,False,False,False,True,True,False,True,False,False,False,False
2018,875000,1440,False,False,False,True,True,False,True,False,False,False,False
2019,300000,50000,False,False,False,True,True,False,True,False,False,False,False
2017,2800000,20000,True,False,False,False,True,False,False,False,False,False,False
2017,1330000,91195,True,False,False,False,False,False,True,False,False,False,False
2011,220000,63657,True,False,False,False,False,False,True,False,False,False,False
2013,250000,60000,True,False,False,False,True,False,True,False,False,False,False
2016,919999,75000,True,False,False,False,False,False,True,False,False,False,False
2013,380000,97248,False,False,False,True,False,False,True,False,False,False,False
2012,450000,46000,True,False,False,False,True,False,True,False,False,False,False
2016,770000,10000,False,False,False,True,True,False,False,False,False,False,False
2018,550000,80000,True,False,False,False,True,False,True,False,False,False,False
2011,320000,100000,True,False,False,False,True,False,True,False,True,False,False
2013,400000,35000,False,False,False,True,True,False,True,False,False,False,False
2017,450000,50000,False,False,False,True,True,False,False,False,False,False,False
2011,220000,90000,True,False,False,False,True,False,True,False,False,False,True
2012,400000,150000,True,False,False,False,True,False,True,False,True,False,False
2013,530000,89000,False,False,False,True,True,False,True,False,True,False,False
2014,390000,60000,True,False,False,False,True,False,True,False,True,False,False
2012,185000,100000,True,False,False,False,True,False,True,False,True,False,False
2012,300000,100000,False,False,False,True,True,False,True,False,True,False,False
2014,575000,90000,True,False,False,False,True,False,True,False,True,False,False
2014,300000,75000,False,False,False,True,True,False,True,False,False,False,False
2017,425000,36000,True,False,False,False,False,False,True,False,False,False,False
2016,350000,12000,False,False,False,True,True,False,True,False,False,False,False
2017,550000,12997,True,False,False,False,False,False,True,False,False,False,False
2017,500000,40000,False,False,False,True,True,False,False,False,False,False,False
2015,600000,60000,True,False,False,False,True,False,True,False,False,False,False
2013,300000,25000,True,False,False,False,True,False,True,False,True,False,False
2018,1150000,26430,True,False,False,False,False,False,True,False,False,False,False
2015,475000,24600,False,False,False,True,False,False,True,False,False,False,False
2011,260000,28481,False,False,False,True,False,False,True,False,False,False,False
2013,350000,100000,False,False,False,True,True,False,True,False,False,False,False
2013,750000,41988,True,False,False,False,False,False,True,False,False,False,False
2009,180000,30375,False,False,False,True,False,False,True,False,False,False,False
2017,350000,7658,False,False,False,True,False,False,False,False,False,False,False
2017,611000,34400,True,False,False,False,False,False,True,False,False,False,False
2017,325000,18500,False,False,False,True,False,False,True,False,False,False,False
2012,225000,48000,False,False,False,True,False,False,True,False,False,False,False
2014,300000,28942,False,False,False,True,False,False,False,False,False,False,False
2017,400000,50000,True,False,False,False,True,False,True,False,True,False,False
2012,711000,53600,True,False,False,False,False,False,True,False,False,False,False
2015,851000,53652,True,False,False,False,False,False,True,False,False,False,False
2014,500000,25000,False,False,False,True,True,False,True,False,False,False,False
2007,250000,80000,True,False,False,False,True,False,True,False,True,False,False
2017,150000,50000,False,False,False,True,True,False,True,False,False,False,False
2016,610000,15000,True,False,False,False,True,False,True,False,True,False,False
2018,450000,5000,False,False,False,True,True,False,True,False,False,False,False
2017,744000,106000,True,False,False,False,True,False,True,False,False,False,False
2008,120000,100000,False,False,False,True,True,False,True,False,False,False,True
2016,220000,60000,False,False,False,True,True,False,True,False,False,False,True
2012,480000,120000,True,False,False,False,True,False,True,True,False,False,False
2017,370000,82000,False,False,False,True,True,False,False,False,False,False,False
2003,55000,35000,True,False,False,False,True,False,True,False,True,False,False
2013,125000,205000,False,False,False,True,True,False,True,False,False,False,False
2011,260000,125000,True,False,False,False,True,False,True,False,False,False,True
2015,350000,130000,True,False,False,False,True,False,True,False,False,False,False
2012,170000,97000,False,False,False,False,True,False,True,False,True,False,False
2015,350000,90000,False,False,False,True,True,False,True,False,True,False,False
2009,250000,60000,False,False,False,True,True,False,True,False,False,False,True
2013,170000,60000,True,False,False,False,True,False,True,False,False,False,False
2018,1300000,35000,True,False,False,False,True,False,True,False,False,False,False
2019,550000,25000,False,False,False,True,True,False,True,False,False,False,False
2017,400000,15000,False,False,False,True,True,False,True,False,False,False,False
2011,120000,20000,False,False,False,True,True,False,True,False,False,False,False
2011,120000,20000,False,False,False,True,True,False,True,False,False,False,False
2010,275000,70000,False,False,False,True,True,False,True,False,False,False,False
2016,285000,90000,False,False,False,True,True,False,True,False,False,False,False
2016,900000,80000,True,False,False,False,True,False,True,False,False,False,False
2014,2500000,79500,True,False,False,False,True,False,False,False,True,False,False
2013,620000,70000,True,False,False,False,True,False,True,False,True,False,False
2018,1700000,5000,True,False,False,False,True,False,True,False,False,False,False
2018,650000,15000,False,False,False,True,True,False,True,False,False,False,False
2014,500000,35000,False,False,False,True,True,False,True,False,False,False,False
2009,250000,120000,True,False,False,False,True,False,True,False,True,False,False
2018,950000,15000,True,False,False,False,True,False,True,False,True,False,False
2015,320000,60000,False,False,False,True,True,False,True,False,False,False,False
2013,450000,120000,True,False,False,False,True,False,True,False,False,False,False
2016,350000,90000,True,False,False,False,True,False,True,False,False,False,False
2015,400000,90000,False,False,False,True,True,False,True,False,False,False,False
2018,200000,10000,False,False,False,True,True,False,True,False,False,False,False
2009,250000,72000,True,False,False,False,True,False,True,False,True,False,False
2011,550000,197000,False,False,False,True,True,False,True,False,True,False,False
1999,85000,70000,False,False,False,True,True,False,True,False,True,False,False
2001,52000,50000,False,False,False,True,True,False,True,False,False,False,True
2017,1200000,50000,True,False,False,False,True,False,False,False,False,False,False
2011,450000,60000,False,False,False,True,True,False,False,False,False,False,True
2018,615000,40000,False,False,False,True,True,False,True,False,False,False,False
2012,400000,60000,True,False,False,False,True,False,True,False,True,False,False
2013,60000,40000,False,False,False,True,True,False,True,False,False,False,False
2017,500000,9161,False,False,False,True,True,False,True,False,False,False,False
2015,600000,45000,False,False,False,True,True,False,True,False,False,False,False
2010,110000,110000,False,False,False,True,True,False,True,False,False,False,False
2013,175000,80000,False,False,False,True,True,False,True,False,False,False,False
2011,325000,100000,True,False,False,False,True,False,True,False,True,False,False
2017,425000,90000,True,False,False,False,True,False,True,False,False,False,False
2009,160000,70000,False,False,False,False,True,False,True,False,False,False,True
2007,100000,80000,False,False,False,True,True,False,True,False,False,False,True
2014,390000,110000,True,False,False,False,True,False,True,False,True,False,False
2017,400000,50000,False,False,False,True,True,False,True,False,False,False,False
2018,509999,5000,False,False,False,True,True,False,True,False,False,False,False
2008,150000,90000,False,False,False,True,True,False,True,False,False,False,True
2009,110000,120000,False,False,False,True,True,False,True,False,False,False,False
2013,450000,80000,True,False,False,False,True,False,True,False,False,False,False
2017,400000,38000,False,False,False,True,True,False,True,False,True,False,False
2009,140000,120000,False,False,False,True,True,False,True,False,False,False,False
2011,130000,90000,True,False,False,False,True,False,True,False,False,False,False
2017,160000,50000,False,False,False,True,True,False,True,False,False,False,False
2016,150000,60000,False,False,False,True,True,False,True,False,False,False,False
2013,500000,100000,True,False,False,False,True,False,True,False,True,False,False
2011,40000,19000,False,False,False,True,True,False,True,False,False,False,False
2006,140000,200000,True,False,False,False,True,False,True,False,False,False,True
2015,227000,70000,True,False,False,False,True,False,True,False,True,False,False
2011,285000,50000,True,False,False,False,True,False,True,False,True,False,False
2012,155000,19077,False,False,False,True,True,False,True,False,True,False,False
2016,210000,30000,False,False,False,True,True,False,True,False,False,False,False
2009,140000,80000,False,False,False,True,True,False,True,False,True,False,False
2015,940000,128000,True,False,False,False,True,False,True,False,False,False,False
2013,750000,80000,True,False,False,False,True,False,True,False,False,False,False
2016,610000,100000,True,False,False,False,True,False,True,False,False,False,False
2015,450000,50000,True,False,False,False,True,False,True,False,False,False,False
2012,409999,56000,True,False,False,False,True,False,True,False,False,False,False
2018,100000,21302,False,False,False,True,True,False,True,False,False,False,False
2018,300000,10500,False,False,False,True,True,False,True,False,False,False,False
2013,400000,107000,True,False,False,False,True,False,True,False,False,False,False
2010,210000,60000,False,False,False,True,True,False,True,False,True,False,False
2006,90000,120000,False,False,False,True,True,False,True,False,True,False,False
2010,222000,70000,False,False,False,True,True,False,True,False,False,False,False
2015,240000,50000,False,False,False,True,True,False,True,False,True,False,False
2013,450000,70000,True,False,False,False,True,False,True,False,True,False,False
2013,450000,1000,True,False,False,False,False,False,True,False,True,False,False
2018,3800000,10000,True,False,False,False,False,False,False,False,False,False,False
2013,1580000,86000,True,False,False,False,False,False,False,False,False,False,False
2019,4950000,30000,True,False,False,False,False,False,False,False,False,False,False
2016,535000,52600,True,False,False,False,True,False,True,False,False,False,False
2012,225000,110000,False,False,False,True,True,False,True,False,True,False,False
2017,550000,19890,False,False,False,True,False,False,False,False,False,False,False
2016,670000,7104,False,False,False,True,False,True,True,False,False,False,False
2015,625000,11918,False,False,False,True,False,True,True,False,False,False,False
2017,520000,10510,False,False,False,True,False,False,False,False,False,False,False
2016,239000,41000,False,False,False,True,False,False,True,False,False,False,False
2017,2600000,47162,True,False,False,False,False,True,False,False,False,False,False
2015,750000,45974,True,False,False,False,False,True,True,False,False,False,False
2012,229999,49824,False,False,False,True,False,False,True,False,False,False,False
2013,1300000,58500,True,False,False,False,False,False,False,False,False,False,False
2005,80000,56580,False,False,False,True,False,False,True,False,False,False,False
2012,385000,52000,True,False,False,False,False,False,True,False,False,False,False
2015,760000,55340,False,False,False,True,False,True,True,False,False,False,False
2017,600000,46507,True,False,False,False,False,True,True,False,False,False,False
2013,450000,1000,True,False,False,False,False,False,True,False,True,False,False
2018,3800000,10000,True,False,False,False,False,False,False,False,False,False,False
2013,1580000,86000,True,False,False,False,False,False,False,False,False,False,False
2019,4950000,30000,True,False,False,False,False,False,False,False,False,False,False
2016,535000,52600,True,False,False,False,True,False,True,False,False,False,False
2012,225000,110000,False,False,False,True,True,False,True,False,True,False,False
2017,550000,19890,False,False,False,True,False,False,False,False,False,False,False
2016,670000,7104,False,False,False,True,False,True,True,False,False,False,False
2015,625000,11918,False,False,False,True,False,True,True,False,False,False,False
2017,520000,10510,False,False,False,True,False,False,False,False,False,False,False
2016,239000,41000,False,False,False,True,False,False,True,False,False,False,False
2017,2600000,47162,True,False,False,False,False,True,False,False,False,False,False
2015,750000,45974,True,False,False,False,False,True,True,False,False,False,False
2012,229999,49824,False,False,False,True,False,False,True,False,False,False,False
2013,1300000,58500,True,False,False,False,False,False,False,False,False,False,False
2005,80000,56580,False,False,False,True,False,False,True,False,False,False,False
2012,385000,52000,True,False,False,False,False,False,True,False,False,False,False
2015,760000,55340,False,False,False,True,False,True,True,False,False,False,False
2017,600000,46507,True,False,False,False,False,True,True,False,False,False,False
2012,735000,55300,True,False,False,False,False,False,False,False,False,False,False
2012,285000,74300,True,False,False,False,False,False,True,False,False,False,False
2010,350000,48781,False,False,False,True,False,False,True,False,False,False,False
2010,290000,87620,True,False,False,False,False,False,False,False,False,False,False
2017,890000,40219,True,False,False,False,False,False,False,False,False,False,False
2011,385000,11473,False,False,False,True,False,False,True,False,False,False,False
2017,425000,8352,False,False,False,True,False,False,True,False,False,False,False
2017,525000,9745,False,False,False,True,False,False,False,False,False,False,False
2017,550000,9748,False,False,False,True,False,False,True,False,False,False,False
2012,271000,49000,False,False,False,True,False,False,True,False,False,False,False
2018,1490000,20694,True,False,False,False,False,False,True,False,False,False,False
2015,490000,31080,False,False,False,True,False,False,True,False,False,False,False
2014,260000,37605,False,False,False,True,False,False,True,False,False,False,False
2014,455000,55850,True,False,False,False,False,False,True,False,False,False,False
2010,75000,58850,False,False,False,True,False,False,True,False,False,False,False
2015,421000,23839,False,False,False,True,False,False,True,False,False,False,False
2016,550000,54000,True,False,False,False,False,False,True,False,False,False,False
2013,330000,38000,False,False,False,True,False,False,False,False,False,False,False
2012,390000,45454,True,False,False,False,False,False,True,False,False,False,False
2015,599000,46957,True,False,False,False,False,False,False,False,False,False,False
2007,110000,60000,False,False,False,True,True,False,True,True,False,False,False
2016,250000,25000,False,False,False,True,True,False,True,False,False,False,False
2012,600000,110000,True,False,False,False,True,False,True,True,False,False,False
2008,280000,190000,True,False,False,False,True,False,True,False,True,False,False
2018,2700000,25000,True,False,False,False,True,False,False,False,False,False,False
2008,80000,90000,False,False,False,True,True,False,True,False,False,False,False
2019,350000,5000,False,False,False,True,True,False,True,False,False,False,False
2015,475000,60000,True,False,False,False,True,False,True,False,False,False,False
2020,4700000,1500,True,False,False,False,True,False,False,False,False,False,False
2018,500000,50000,True,False,False,False,True,False,True,False,False,False,False
2014,250000,120000,True,False,False,False,True,False,True,False,False,False,False
2005,100000,120000,True,False,False,False,True,False,True,False,True,False,False
2019,350000,5000,False,False,False,True,True,False,True,False,False,False,False
2014,4000000,47000,True,False,False,False,True,False,False,False,False,False,False
2017,1900000,20000,False,False,False,True,True,False,False,False,False,False,False
2005,95000,120000,False,False,False,True,True,False,True,False,True,False,False
2015,409999,58000,True,False,False,False,True,False,True,False,False,False,False
2018,1050000,35000,True,False,False,False,True,False,True,False,False,False,False
2017,320000,30000,False,False,False,True,True,False,True,False,False,False,False
2019,1000000,10000,True,False,False,False,True,False,True,False,False,False,False
2017,1770000,25000,True,False,False,False,True,False,True,False,False,False,False
2018,950000,20000,True,False,False,False,True,False,True,False,False,False,False
2018,750000,50000,True,False,False,False,True,False,True,False,False,False,False
2014,220000,42000,False,False,False,True,True,False,True,False,False,False,False
2017,1000000,50000,True,False,False,False,True,False,True,False,False,False,False
2017,660000,116000,True,False,False,False,True,False,True,False,False,False,False
2015,716000,100000,True,False,False,False,True,False,True,False,False,False,False
2015,675000,66000,False,False,False,True,True,False,True,False,False,False,False
2010,385000,110000,True,False,False,False,True,False,True,False,False,False,True
2014,325000,70000,True,False,False,False,True,False,True,False,False,False,False
2015,950000,60000,True,False,False,False,True,False,True,False,False,False,False
2007,400000,110000,True,False,False,False,True,False,False,True,False,False,False
2014,250000,25000,True,False,False,False,True,False,True,False,False,False,False
2018,4000000,68000,False,False,False,True,True,False,False,False,False,False,False
2014,210000,20000,False,False,False,True,True,False,True,False,False,False,False
2011,147000,110000,False,False,False,True,True,False,True,False,True,False,False
2018,725000,26350,True,False,False,False,True,False,True,False,False,False,False
2012,550000,90000,True,False,False,False,True,False,True,False,False,False,False
2016,475000,25000,False,False,False,True,True,False,True,False,False,False,False
2014,250000,50000,False,False,False,True,True,False,True,False,True,False,False
2006,70000,60000,False,False,False,True,True,False,True,False,True,False,False
2012,160000,70000,False,False,False,True,True,False,True,False,False,False,True
2011,1000000,90000,True,False,False,False,True,False,False,False,True,False,False
2001,68000,70000,False,False,False,True,True,False,True,False,False,False,False
2017,500000,26500,False,False,False,True,True,False,True,False,False,False,False
2013,170000,60000,True,False,False,False,True,False,True,False,False,False,False
2018,1300000,35000,True,False,False,False,True,False,True,False,False,False,False
2020,1050000,10000,True,False,False,False,True,False,True,False,False,False,False
2009,300000,15000,False,False,False,True,True,False,True,False,False,False,False
2016,600000,25000,False,False,False,True,True,False,True,False,False,False,False
2017,900000,50000,True,False,False,False,True,False,True,False,False,False,False
2019,550000,25000,False,False,False,True,True,False,True,False,False,False,False
2007,100000,52000,False,False,False,True,True,False,True,False,True,False,False
2017,400000,15000,False,False,False,True,True,False,True,False,False,False,False
2011,120000,20000,False,False,False,True,True,False,True,False,False,False,False
2013,300000,90000,True,False,False,False,True,False,True,False,False,False,False
2011,140000,60000,True,False,False,False,True,False,True,False,True,False,False
2015,640000,23000,False,False,False,True,True,False,True,False,False,False,False
2018,380000,22155,False,False,False,True,True,False,True,False,False,False,False
2011,120000,20000,False,False,False,True,True,False,True,False,False,False,False
2018,650000,70000,False,False,False,True,True,False,True,False,False,False,False
2009,150000,60000,False,False,False,True,True,False,True,False,True,False,False
2018,550000,35000,False,False,False,True,True,False,True,False,False,False,False
2012,650000,71042,True,False,False,False,False,False,True,False,False,False,False
2012,1025000,167870,True,False,False,False,False,False,True,False,True,False,False
2011,195000,133564,True,False,False,False,False,False,True,False,False,False,False
2018,3800000,10000,True,False,False,False,False,False,False,False,False,False,False
2013,1490000,40000,True,False,False,False,False,False,False,False,False,False,False
2019,4950000,30000,True,False,False,False,False,False,False,False,False,False,False
2018,1140000,23038,False,False,False,True,False,True,False,False,False,False,False
2011,95000,70000,True,False,False,False,True,False,True,False,False,False,False
2017,3050000,30000,True,False,False,False,True,False,False,False,False,False,False
2017,550000,19890,False,False,False,True,False,False,False,False,False,False,False
2015,625000,11918,False,False,False,True,False,True,True,False,False,False,False
2017,520000,10510,False,False,False,True,False,False,False,False,False,False,False
2016,239000,41000,False,False,False,True,False,False,True,False,False,False,False
2017,2600000,47162,True,False,False,False,False,True,False,False,False,False,False
2012,229999,49824,False,False,False,True,False,False,True,False,False,False,False
2013,1300000,58500,True,False,False,False,False,False,False,False,False,False,False
2017,585000,43608,False,False,False,True,False,True,True,False,False,False,False
2018,825000,11212,False,False,False,True,False,True,False,False,False,False,False
2013,280000,52000,True,False,False,False,False,False,True,False,False,False,False
2016,725000,49217,False,False,False,True,False,True,True,False,False,False,False
2015,300000,90000,True,False,False,False,True,False,True,False,False,False,False
2015,375000,70000,False,False,False,True,True,False,True,False,False,False,False
2003,310000,90000,False,False,False,True,True,False,True,True,False,False,False
2011,375000,190000,True,False,False,False,True,False,True,False,False,False,True
2016,1950000,106000,True,False,False,False,True,False,False,False,False,False,False
2012,400000,80000,True,False,False,False,True,False,True,False,True,False,False
2014,550000,80000,True,False,False,False,True,False,True,False,True,False,False
2018,270000,20000,False,False,False,True,True,False,True,False,False,False,False
2012,555000,110000,True,False,False,False,True,False,True,False,True,False,False
2013,500000,60000,True,False,False,False,True,False,True,False,True,False,False
2010,400000,130000,True,False,False,False,True,False,False,False,True,False,False
2017,280000,28838,False,False,False,True,True,False,True,False,False,False,False
2008,80000,200000,False,False,False,True,True,False,True,False,False,False,False
2006,55000,100000,True,False,False,False,True,False,True,False,False,False,False
2014,250000,50000,False,False,False,True,True,False,True,False,False,False,False
2010,250000,190000,True,False,False,False,True,False,True,True,False,False,False
2007,95000,100000,True,False,False,False,True,False,True,False,True,False,False
2014,725000,135000,True,False,False,False,True,False,True,False,True,False,False
2015,320000,50000,True,False,False,False,True,False,True,False,False,False,True
2014,1200000,135000,True,False,False,False,True,False,False,False,False,False,True
2012,160000,50000,True,False,False,False,True,False,True,False,False,False,False
2018,790000,19571,True,False,False,False,False,False,True,False,False,False,False
2018,1200000,29600,False,False,False,True,False,False,True,False,False,False,False
2011,175000,70000,False,False,False,True,True,False,True,False,False,False,False
2018,950000,15000,True,False,False,False,True,False,False,False,False,False,False
2019,340000,50000,False,False,False,True,True,False,True,False,False,False,False
2017,825000,13500,True,False,False,False,True,False,True,False,False,False,False
2018,3100000,22000,False,False,False,True,True,False,False,False,False,False,False
2018,780000,25000,True,False,False,False,False,False,True,False,False,False,False
2010,350000,80000,False,False,False,True,True,False,False,False,False,False,True
2018,690000,39000,False,False,False,True,False,False,True,False,False,False,False
2016,245000,60000,False,False,False,True,True,False,True,False,False,False,False
2018,790000,49000,True,False,False,False,False,False,True,False,False,False,False
2018,680000,48600,False,False,False,True,False,False,True,False,False,False,False
2017,540000,20000,False,False,False,True,True,False,True,False,True,False,False
2016,425000,25000,False,False,False,True,True,False,True,False,False,False,False
2008,140000,120000,False,False,False,True,True,False,True,False,False,False,False
2019,1100000,30000,True,False,False,False,True,False,True,False,False,False,False
2015,715000,35000,True,False,False,False,True,False,True,False,False,False,False
2013,1580000,86000,True,False,False,False,False,False,False,False,False,False,False
2015,1750000,127643,True,False,False,False,False,False,False,False,False,False,False
2018,400000,54000,False,False,False,True,False,False,True,False,True,False,False
2014,1750000,102354,True,False,False,False,False,False,False,False,False,False,False
2014,1850000,62237,False,False,False,True,False,False,False,False,False,False,False
2005,114999,90000,False,False,False,True,False,False,True,False,True,False,False
2018,950000,21394,True,False,False,False,False,False,True,False,False,False,False
2015,310000,32686,False,False,False,True,False,False,True,False,False,False,False
2006,575000,1001,True,False,False,False,False,False,True,False,False,False,False
2017,490000,22000,True,False,False,False,False,False,True,False,False,False,False
2017,480000,53261,False,False,False,True,False,False,True,False,False,False,False
2016,3500000,53000,True,False,False,False,False,False,False,False,False,False,False
2018,370000,10000,False,False,False,True,False,False,True,False,False,False,False
2017,835000,14000,True,False,False,False,False,False,True,False,False,False,False
2017,650000,44000,False,False,False,True,False,False,True,False,False,False,False
2014,670000,39895,True,False,False,False,False,False,True,False,False,False,False
2017,950000,73000,True,False,False,False,False,False,False,False,False,False,False
2014,690000,17000,False,False,False,True,False,False,True,False,False,False,False
2017,670000,18591,False,False,False,True,False,False,True,False,False,False,False
2017,925000,26766,True,False,False,False,False,False,True,False,False,False,False
2015,250000,30000,False,False,False,True,True,False,True,False,False,False,False
2016,509999,42000,True,False,False,False,True,False,True,False,False,False,False
2014,520000,110000,True,False,False,False,True,False,True,False,False,False,False
2005,100000,100000,True,False,False,False,True,False,True,False,False,False,False
2006,85000,300000,True,False,False,False,True,False,True,False,True,False,False
2009,130000,110000,True,False,False,False,True,False,True,False,False,False,True
2018,950000,27620,True,False,False,False,False,False,True,False,False,False,False
2015,450000,70000,False,False,False,True,True,False,True,False,False,False,False
2012,320000,50000,False,False,False,True,True,False,True,False,True,False,False
2015,480000,50000,True,False,False,False,True,False,True,False,False,False,False
2014,2490000,46000,True,False,False,False,True,False,False,False,False,False,False
2012,790000,82000,True,False,False,False,True,False,True,False,False,False,False
2016,120000,120000,False,False,False,True,True,False,True,False,False,False,False
2006,75000,80000,False,False,False,True,True,False,True,False,False,False,True
2010,99000,70000,False,False,False,True,True,False,True,False,False,False,False
2018,1015000,20000,True,False,False,False,True,False,True,False,False,False,False
2013,250000,200000,True,False,False,False,True,False,True,False,True,False,False
2011,520000,120000,True,False,False,False,True,False,True,False,False,False,False
2018,1100000,30000,True,False,False,False,True,False,False,False,False,False,False
2005,200000,223000,True,False,False,False,True,False,True,False,False,False,False
2016,525000,60000,True,False,False,False,True,False,True,False,False,False,False
2016,500000,40000,False,False,False,True,True,False,True,False,False,False,False
2016,675000,161327,True,False,False,False,True,False,True,False,False,False,False
2009,150000,60000,False,False,False,True,True,False,True,False,False,False,True
2007,250000,50000,True,False,False,False,True,False,True,False,False,False,False
2018,450000,6000,False,False,False,True,True,False,True,False,False,False,False
2009,150000,68000,False,False,False,True,True,False,True,False,True,False,False
2012,200000,85000,True,False,False,False,True,False,True,False,False,False,False
2011,525000,70000,True,False,False,False,True,False,False,False,False,False,False
1999,60000,35000,False,False,False,True,True,False,True,False,True,False,False
2010,180000,100000,True,False,False,False,True,False,True,False,True,False,False
2015,475000,110000,True,False,False,False,True,False,True,False,False,False,False
2010,380000,195000,True,False,False,False,True,False,False,False,True,False,False
2015,285000,46000,False,False,False,True,True,False,True,False,True,False,False
2008,91200,60000,False,False,False,True,True,False,True,False,True,False,False
2017,250000,46000,False,False,False,True,True,False,True,False,False,False,False
2015,400000,42000,True,False,False,False,True,False,True,False,False,False,False
2006,160000,90000,False,False,False,True,True,False,False,False,True,False,False
2012,650000,85000,True,False,False,False,True,False,True,False,True,False,False
2012,409999,120000,True,False,False,False,True,False,True,False,False,False,True
2013,425000,72000,True,False,False,False,True,False,True,False,False,False,False
2013,250000,71000,False,False,False,False,True,False,True,False,True,False,False
2009,200000,110000,False,False,False,True,True,False,True,True,False,False,False
2013,250000,71000,False,False,False,False,True,False,True,False,True,False,False
2010,130000,144000,True,False,False,False,True,False,True,True,False,False,False
2017,260000,30000,False,False,False,True,False,False,True,False,False,False,False
2007,155000,65000,False,False,False,True,False,False,True,False,False,False,False
2015,450000,38000,True,False,False,False,True,False,True,False,False,False,False
2012,220000,90000,False,False,False,True,True,False,True,False,True,False,False
2018,650000,37000,True,False,False,False,False,False,True,False,False,False,False
2018,285000,30000,False,False,False,True,False,False,True,False,False,False,False
2018,725000,26000,False,False,False,True,False,False,False,False,False,False,False
2016,625000,30000,False,False,False,True,False,False,True,False,False,False,False
2016,550000,23000,False,False,False,True,False,False,True,False,False,False,False
2012,240000,40000,False,False,False,True,False,False,True,False,False,False,False
2014,600000,27000,True,False,False,False,False,False,True,False,False,False,False
2012,350000,65000,True,False,False,False,False,False,True,False,False,False,False
2015,245000,32000,False,False,False,True,False,False,True,False,False,False,False
2016,600000,56000,True,False,False,False,False,False,True,False,False,False,False
2017,2400000,30000,True,False,False,False,True,False,False,False,False,False,False
2014,620000,80000,True,False,False,False,False,False,True,False,False,False,False
2014,395000,52000,False,False,False,True,False,False,True,False,True,False,False
2014,635000,13250,False,False,False,True,False,False,True,False,False,False,False
2011,180000,36000,False,False,False,True,False,False,True,False,False,False,False
2015,484999,73000,True,False,False,False,False,False,True,False,True,False,False
2004,110000,60000,False,False,False,True,True,False,True,False,False,False,False
2006,150000,60000,False,False,False,True,True,False,True,False,True,False,False
2012,400000,110000,True,False,False,False,True,False,True,False,False,False,False
2012,200000,70000,True,False,False,False,True,False,True,False,True,False,False
2013,302000,60000,True,False,False,False,True,False,True,False,True,False,False
2011,215000,90000,True,False,False,False,True,False,True,True,False,False,False
2004,155000,80000,False,False,False,True,True,False,True,False,True,False,False
2014,1000000,101000,True,False,False,False,True,False,True,False,True,False,False
2018,550000,44000,True,False,False,False,True,False,True,False,False,False,False
2006,200000,45000,False,False,False,True,True,False,True,False,False,False,False
2017,750000,120000,True,False,False,False,True,False,True,False,False,False,False
2005,90000,90000,False,False,False,True,True,False,True,False,True,False,False
2007,80000,120000,False,False,False,True,True,False,True,False,True,False,False
2013,229999,13500,False,False,False,True,True,False,True,False,False,False,False
2017,350000,10000,False,False,False,True,True,False,True,False,False,False,False
2015,325000,25000,False,False,False,True,True,False,True,False,False,False,True
2018,450000,8500,False,False,False,True,True,False,True,False,False,False,False
2012,250000,120000,True,False,False,False,True,False,True,False,False,False,False
2012,225000,120000,True,False,False,False,True,False,True,False,False,False,False
2009,150000,90246,False,False,False,True,True,False,True,False,False,False,True
2008,110000,90000,False,False,False,True,True,False,True,False,True,False,False
2010,150000,40000,False,False,False,True,True,False,True,False,True,False,False
2000,165000,60000,False,False,False,True,True,False,True,True,False,False,False
2017,610000,32000,True,False,False,False,True,False,True,False,True,False,False
2013,170000,60400,True,False,False,False,True,False,True,False,False,False,False
2008,150000,70950,True,False,False,False,True,False,True,False,True,False,False
2013,300000,90000,True,False,False,False,True,False,True,False,False,False,False
2015,375000,72000,True,False,False,False,True,False,True,False,False,False,False
2013,390000,90000,True,False,False,False,True,False,True,False,False,False,False
2017,600000,10000,False,False,False,True,True,False,True,False,False,False,False
2014,204999,25000,False,False,False,True,True,False,True,False,True,False,False
2009,270000,80000,True,False,False,False,True,False,True,False,True,False,False
2017,375000,10000,False,False,False,True,True,False,True,False,False,False,False
2020,700000,1100,False,False,False,True,True,False,True,False,False,False,False
2017,455000,40000,False,False,False,True,True,False,True,False,False,False,False
2017,375000,10000,False,False,False,True,True,False,True,False,False,False,False
2014,341000,31491,False,False,False,True,True,False,True,False,False,False,False
2014,200000,107143,True,False,False,False,True,False,True,False,True,False,False
2017,450000,15000,False,False,False,True,True,False,False,False,False,False,False
2012,170000,50000,False,False,False,True,True,False,True,False,True,False,False
2017,1900000,100000,True,False,False,False,True,False,True,False,False,False,False
2016,500000,60000,True,False,False,False,True,False,True,False,False,False,False
2016,819999,85000,True,False,False,False,True,False,True,False,False,False,False
2014,351000,40000,False,False,False,True,True,False,True,False,True,False,False
2011,195000,80000,False,False,False,True,True,False,True,False,True,False,False
2008,250000,82000,True,False,False,False,True,False,True,False,True,False,False
2008,120000,70000,False,False,False,True,True,False,True,False,True,False,False
2009,180000,70000,False,False,False,True,True,False,True,False,False,False,True
2016,430000,20000,True,False,False,False,True,False,True,False,False,False,False
2012,75000,35000,False,False,False,True,True,False,True,False,True,False,False
2017,750000,80000,True,False,False,False,True,False,True,False,False,False,False
2011,60000,40000,False,False,False,True,True,False,True,False,False,False,False
2015,1500000,46412,True,False,False,False,True,False,True,False,False,False,False
2011,390000,150000,True,False,False,False,True,False,True,True,False,False,False
2016,630000,50000,True,False,False,False,True,False,True,False,False,False,False
2018,1085000,15000,True,False,False,False,True,False,True,False,False,False,False
2012,190000,60000,False,False,False,True,True,False,True,False,True,False,False
2018,550000,25000,False,False,False,True,True,False,False,False,False,False,False
2012,200000,90000,False,False,False,True,True,False,True,False,False,False,True
2011,165000,60000,False,False,False,True,True,False,True,False,False,False,False
2013,260000,65000,True,False,False,False,True,False,True,False,False,False,False
2011,151000,40000,False,False,False,True,True,False,True,False,False,False,False
2018,780000,50000,True,False,False,False,True,False,True,False,False,False,False
2012,175000,80000,True,False,False,False,True,False,True,False,False,False,True
2010,170000,107500,True,False,False,False,False,False,True,False,False,False,False
2013,210000,135000,True,False,False,False,False,False,True,False,True,False,False
2007,90000,43826,False,False,False,True,False,False,True,False,True,False,False
2016,535000,55838,False,False,False,True,False,False,True,False,False,False,False
2007,195000,112880,True,False,False,False,False,False,True,False,False,False,False
2011,140000,90000,True,False,False,False,True,False,True,False,False,False,True
2012,350000,40000,False,False,False,True,True,False,True,False,False,False,False
2013,425000,66000,False,False,False,True,True,False,True,False,False,False,False
2017,300000,30300,False,False,False,True,True,False,True,False,False,False,False
2013,340000,85000,True,False,False,False,True,False,True,False,True,False,False
2009,250000,80659,False,False,False,True,False,False,True,False,False,False,False
2008,170000,81324,False,False,False,True,False,False,True,False,False,False,False
2013,315000,127884,True,False,False,False,False,False,True,False,False,False,False
2015,200000,50000,False,False,False,True,True,False,True,False,False,False,False
2016,300000,25000,False,False,False,True,True,False,True,False,False,False,False
2015,300000,66755,True,False,False,False,False,False,True,False,False,False,False
2013,380000,123084,False,False,False,True,False,False,True,False,False,False,False
2009,250000,806599,False,False,False,True,False,False,True,False,False,False,False
2013,310000,95851,True,False,False,False,False,False,True,False,False,False,False
2010,260000,50000,False,False,False,True,True,False,True,False,False,False,False
2008,150000,50000,False,False,False,True,True,False,True,False,True,False,False
2006,85000,60000,False,False,False,True,True,False,True,False,True,False,False
2015,280000,15000,False,False,False,True,True,False,True,False,True,False,False
2016,850000,40000,True,False,False,False,True,False,True,False,False,False,False
2017,375000,20000,False,False,False,True,True,False,True,False,True,False,False
2006,125000,120000,True,False,False,False,True,False,True,False,False,False,True
2012,250000,110000,True,False,False,False,True,False,True,False,False,False,False
2014,715000,234000,True,False,False,False,True,False,True,False,False,False,False
2011,220000,70000,True,False,False,False,True,False,True,False,False,False,False
2010,110000,110000,True,False,False,False,True,False,True,False,True,False,False
2007,150000,84000,False,False,False,True,True,False,True,False,True,False,False
2012,300000,170000,True,False,False,False,True,False,True,False,False,False,False
2017,220000,40000,False,False,False,True,True,False,True,False,False,False,False
2006,75000,96000,False,False,False,True,True,False,True,False,True,False,False
2009,100000,20000,True,False,False,False,True,False,True,False,False,False,False
2016,380000,15000,False,False,False,True,True,False,True,False,False,False,False
2007,100000,50000,False,False,False,True,True,False,True,False,False,False,False
2010,480000,80000,False,False,False,True,True,False,True,False,True,False,False
2012,300000,124000,True,False,False,False,True,False,True,False,False,False,False
2013,190000,70000,True,False,False,False,True,False,True,False,False,False,False
2012,190000,130000,True,False,False,False,True,False,True,False,True,False,False
2017,650000,19014,False,False,False,True,False,False,True,False,False,False,False
2009,300000,23262,False,False,False,True,False,False,True,False,False,False,False
2016,700000,29600,True,False,False,False,False,False,True,False,False,False,False
2015,310000,35925,False,False,False,True,False,False,True,False,False,False,False
2018,500000,12000,False,False,False,True,True,False,True,False,False,False,False
2013,415000,40771,False,False,False,True,False,False,True,False,False,False,False
2015,395000,30500,False,False,False,True,False,False,False,False,True,False,False
2014,430000,42000,False,False,False,True,False,False,True,False,True,False,False
2007,215000,55800,False,False,False,True,False,False,True,False,True,False,False
2014,550000,66569,True,False,False,False,False,False,True,False,False,False,False
2014,415000,81358,True,False,False,False,False,False,True,False,False,False,False
2015,450000,82695,True,False,False,False,False,False,True,False,False,False,False
2014,285000,68293,True,False,False,False,False,False,True,False,True,False,False
2016,580000,32000,False,False,False,True,False,False,False,False,False,False,False
2014,300000,190621,True,False,False,False,False,False,True,False,False,False,False
2018,1200000,60000,True,False,False,False,True,False,True,False,False,False,False
2006,78000,64700,False,False,False,True,True,False,True,False,False,False,False
2002,65000,100000,False,False,False,True,True,False,True,False,True,False,False
2016,400000,88470,True,False,False,False,True,False,True,False,False,False,False
2016,850000,75000,True,False,False,False,True,False,True,False,False,False,False
2013,450000,120000,True,False,False,False,True,False,True,False,True,False,False
2012,2500000,35000,True,False,False,False,True,False,False,False,False,False,False
2017,780000,70000,True,False,False,False,True,False,True,False,False,False,False
2017,3200000,57000,True,False,False,False,True,False,False,False,False,False,False
2020,350000,1000,False,False,False,True,True,False,True,False,False,False,False
2013,285000,120000,True,False,False,False,True,False,True,False,True,False,False
2015,525000,98000,True,False,False,False,False,False,True,False,False,False,False
2014,550000,90000,True,False,False,False,False,False,True,False,True,False,False
2018,580000,70000,True,False,False,False,True,False,True,False,False,False,False
2013,75000,25000,False,False,False,True,True,False,True,False,False,False,True
2009,185000,60000,True,False,False,False,True,False,True,False,False,False,True
2007,110000,90000,False,False,False,True,True,False,True,True,False,False,False
2004,180000,200000,False,False,False,True,True,False,True,False,True,False,False
2010,350000,110000,True,False,False,False,True,False,True,False,True,False,False
2005,60000,126000,False,False,False,True,True,False,True,False,True,False,False
2018,695000,70000,True,False,False,False,True,False,True,False,False,False,False
2019,2700000,5000,True,False,False,False,True,False,False,False,False,False,False
2007,135000,74183,False,False,False,True,True,False,True,False,True,False,False
2015,640000,70000,True,False,False,False,True,False,True,False,True,False,False
2014,160000,90000,False,False,False,True,True,False,True,False,False,False,False
2004,80000,46000,False,False,False,True,True,False,True,False,True,False,False
2013,340000,110000,True,False,False,False,True,False,True,False,True,False,False
2012,110000,80000,True,False,False,False,True,False,True,False,True,False,False
2013,250000,90000,True,False,False,False,True,False,True,False,True,False,False
2017,1300000,70000,True,False,False,False,True,False,True,False,False,False,False
2014,250000,1,True,False,False,False,True,False,True,False,True,False,False
2009,450000,192000,True,False,False,False,True,False,True,False,False,False,False
2013,240000,70000,False,False,False,True,True,False,True,True,False,False,False
2007,225000,120000,True,False,False,False,True,False,True,False,True,False,False
2015,275000,60000,False,False,False,True,True,False,True,False,True,False,False
2012,320000,120000,True,False,False,False,True,False,True,False,True,False,False
2008,75000,120000,False,False,False,True,True,False,True,False,False,False,False
2007,85000,50000,False,False,False,True,True,False,True,False,True,False,False
2009,90000,120000,True,False,False,False,True,False,True,False,False,False,False
2007,85000,80000,False,False,False,True,True,False,True,False,True,False,False
2008,350000,80000,True,False,False,False,True,False,True,False,True,False,False
2009,355000,100000,True,False,False,False,True,False,False,False,True,False,False
2020,619000,1500,False,False,False,True,True,False,True,False,False,False,False
2018,1700000,50000,True,False,False,False,True,False,True,False,False,False,False
2006,55000,100000,True,False,False,False,True,False,True,False,True,False,False
2006,95000,83411,False,False,False,True,True,False,True,False,False,False,False
2011,300000,120000,True,False,False,False,True,False,True,False,True,False,False
2006,81000,83411,False,False,False,True,True,False,True,False,False,False,False
2015,1000000,80000,True,False,False,False,True,False,False,False,True,False,False
2019,925000,50000,True,False,False,False,True,False,True,False,False,False,False
2015,450000,40000,True,False,False,False,True,False,True,False,False,False,False
2014,600000,13270,True,False,False,False,True,False,True,False,False,False,False
2006,85000,100000,False,False,False,True,True,False,False,False,False,False,True
2016,700000,50000,True,False,False,False,True,False,True,False,False,False,False
2017,486000,26500,False,False,False,True,True,False,True,False,False,False,False
2013,400000,90000,True,False,False,False,True,False,True,False,False,False,False
2008,120000,100000,False,False,False,True,True,False,True,False,False,False,True
2018,275000,35000,False,False,False,True,True,False,True,False,False,False,False
2016,580000,57000,True,False,False,False,True,False,True,False,False,False,False
2015,375000,70000,False,False,False,True,True,False,True,False,False,False,False
2015,229999,100000,False,False,False,True,True,False,True,False,False,False,True
2010,110000,88000,False,False,False,True,True,False,True,False,True,False,False
2017,600000,60000,True,False,False,False,True,False,True,False,False,False,False
2009,120000,76000,False,False,False,True,True,False,True,False,True,False,False
2010,200000,100000,True,False,False,False,True,False,True,False,True,False,False
2012,450000,110000,True,False,False,False,True,False,True,False,True,False,False
2012,550000,80000,True,False,False,False,True,False,True,False,True,False,False
2012,220000,80000,False,False,False,True,True,False,True,False,True,False,False
2001,40000,30000,False,False,False,True,True,False,True,False,False,False,False
2017,300000,20000,False,False,False,True,True,False,False,False,False,False,False
2018,630000,40000,True,False,False,False,True,False,True,False,False,False,False
2017,610000,40000,True,False,False,False,True,False,True,False,True,False,False
2019,660000,7000,False,False,False,True,True,False,True,False,True,False,False
2012,220000,80000,False,False,True,False,True,False,True,False,True,False,False
2011,138000,90000,True,False,False,False,True,False,True,False,True,False,False
2013,210000,13770,True,False,False,False,True,False,True,False,False,False,False
2005,125000,34000,False,False,False,True,False,False,True,False,False,False,False
2008,125000,102000,False,False,False,True,False,False,True,False,False,False,False
2014,725000,110000,True,False,False,False,True,False,True,False,False,False,False
2011,170000,90000,False,False,False,True,True,False,True,False,True,False,False
2015,1200000,70000,True,False,False,False,True,False,True,False,False,False,True
2003,70000,90000,False,False,False,True,True,False,True,False,True,False,False
2007,100000,70000,False,False,False,True,True,False,True,False,True,False,False
2006,300000,80000,False,False,False,True,True,False,True,False,True,False,False
2013,450000,100000,True,False,False,False,True,False,True,False,True,False,False
2015,530000,100000,True,False,False,False,True,False,True,False,False,False,False
2007,100000,143000,False,False,False,True,True,False,True,False,False,False,True
2010,350000,115000,False,False,False,True,True,False,True,False,True,False,False
2011,165000,100000,True,False,False,False,True,False,True,False,True,False,False
2019,475000,120000,True,False,False,False,True,False,True,False,True,False,False
2013,350000,42000,True,False,False,False,True,False,True,False,False,False,False
2016,229999,38000,False,False,False,True,True,False,True,False,False,False,False
2018,800000,35000,True,False,False,False,True,False,True,False,False,False,False
2014,475000,120000,True,False,False,False,True,False,True,False,True,False,False
2014,425000,136906,True,False,False,False,True,False,True,False,False,False,False
2015,660000,97000,True,False,False,False,True,False,True,False,True,False,False
2019,610000,10000,False,False,False,True,True,False,False,False,False,False,False
2013,240000,50000,False,False,False,True,True,False,True,False,False,False,True
2005,70000,60000,False,False,False,True,True,False,True,False,True,False,False
2011,550000,120000,True,False,False,False,True,False,True,False,False,False,False
2010,100000,120000,False,False,False,True,True,False,True,False,True,False,False
2010,350000,90000,True,False,False,False,True,False,True,False,True,False,False
2013,200000,120000,False,False,False,True,True,False,True,False,False,False,False
2019,720000,3000,False,False,False,True,True,False,False,False,False,False,False
2014,350000,133000,True,False,False,False,True,False,True,False,False,False,False
2016,400000,25000,False,False,False,True,True,False,True,False,False,False,False
2017,570000,35000,False,False,False,True,True,False,True,False,False,False,False
2015,130000,70000,False,False,False,True,True,False,True,False,False,False,False
2016,210000,52000,False,False,False,True,True,False,True,False,False,False,False
2018,800000,52000,True,False,False,False,True,False,True,False,False,False,False
2017,700000,39000,True,False,False,False,True,False,True,False,False,False,False
2011,200000,28689,True,False,False,False,True,False,True,False,False,False,False
2014,495000,90000,True,False,False,False,True,False,True,False,True,False,False
2014,325000,80322,True,False,False,False,False,False,True,False,False,False,False
2019,650000,8000,False,False,False,True,True,False,True,False,False,False,False
2000,155000,50000,True,False,False,False,True,False,True,False,True,False,False
2007,75000,90000,False,False,False,True,True,False,True,False,True,False,False
2015,350000,61658,True,False,False,False,False,False,True,False,False,False,False
2010,90000,50000,False,False,False,True,True,False,True,False,False,False,True
2016,600000,80000,True,False,False,False,True,False,True,False,False,False,False
2010,400000,185000,True,False,False,False,True,False,True,False,False,False,False
2014,370000,57000,True,False,False,False,True,False,True,False,True,False,False
2000,50000,60000,False,False,False,True,True,False,True,False,False,False,False
2004,125000,120000,False,False,False,True,True,False,True,False,True,False,False
2018,1800000,26000,True,False,False,False,True,False,False,False,False,False,False
2019,650000,20000,False,False,False,True,True,False,False,False,False,False,False
2017,800000,30600,False,False,False,True,True,False,False,False,False,False,False
2020,802000,5000,False,False,False,True,True,False,True,False,False,False,False
2015,2300000,35000,True,False,False,False,True,False,False,False,False,False,True
2016,430000,35000,True,False,False,False,True,False,True,False,False,False,False
2017,650000,23000,False,False,False,True,True,False,True,False,False,False,False
2004,170000,120000,True,False,False,False,True,False,True,False,False,False,False
2011,450000,235000,True,False,False,False,True,False,False,False,False,False,False
2013,250000,87000,False,False,False,True,True,False,True,False,False,False,False
2014,550000,72000,False,False,False,True,True,False,True,False,True,False,False
2013,2000000,64000,True,False,False,False,True,False,False,False,True,False,False
2007,140000,100000,False,False,False,True,True,False,True,False,True,False,False
2012,155000,12000,False,False,False,True,True,False,True,False,False,False,False
2010,120000,67000,False,False,False,True,True,False,True,False,False,False,True
2012,287000,70000,True,False,False,False,True,False,True,False,False,False,False
2016,675000,60000,True,False,False,False,True,False,True,False,False,False,False
2011,235000,74500,False,False,False,True,True,False,True,False,True,False,False
2011,300000,118700,True,False,False,False,True,False,True,False,True,False,False
2015,434999,40000,False,False,False,True,True,False,False,False,True,False,False
2004,225000,223660,True,False,False,False,True,False,False,False,False,False,True
2006,160000,140000,False,False,False,True,True,False,True,False,True,False,False
2020,600000,5000,False,False,False,True,True,False,True,False,False,False,False
2016,470000,100000,True,False,False,False,True,False,True,False,True,False,False
2011,300000,100000,False,False,False,True,True,False,True,False,True,False,False
2018,600000,2000,False,False,False,True,True,False,True,False,False,False,False
2020,640000,4000,False,False,False,True,True,False,False,False,False,False,False
2006,50000,120000,True,False,False,False,True,False,True,True,False,False,False
2015,600000,35000,False,False,False,True,True,False,True,False,False,False,False
2014,290000,29000,False,False,True,False,True,False,True,False,False,False,False
2015,600000,30000,False,False,False,True,True,False,True,False,False,False,False
2012,190000,120000,True,False,False,False,True,False,True,False,False,False,False
2008,160000,110000,False,False,False,True,True,False,True,False,False,False,True
2017,325000,15000,False,False,False,True,True,False,True,False,False,False,False
2006,200000,73756,True,False,False,False,True,False,True,False,False,False,False
2018,2800000,40000,True,False,False,False,True,False,False,False,False,False,False
2011,125000,60000,False,False,False,True,True,False,True,False,False,False,True
2008,155000,60000,False,False,False,True,True,False,True,True,False,False,False
2015,550000,90000,True,False,False,False,True,False,True,False,False,False,False
2009,130000,70000,False,False,False,True,True,False,True,True,False,False,False
2002,80000,70000,False,False,False,True,True,False,True,False,True,False,False
2015,500000,80000,True,False,False,False,True,False,True,False,True,False,False
2019,250000,27000,False,False,False,True,True,False,True,False,False,False,False
2012,580000,70000,True,False,False,False,True,False,True,False,False,False,False
2002,60000,50000,False,False,False,True,True,False,True,False,False,False,False
2012,300000,185000,True,False,False,False,True,False,True,False,False,False,False
2014,200000,90000,True,False,False,False,True,False,True,False,True,False,False
2017,1200000,16400,True,False,False,False,True,False,True,False,False,False,False
2015,350000,80000,True,False,False,False,True,False,True,False,True,False,False
2012,600000,80000,True,False,False,False,True,False,True,False,True,False,False
2019,650000,4000,False,False,False,True,True,False,True,False,False,False,False
2008,120000,40000,False,False,False,True,True,False,True,False,False,False,False
2010,180000,120000,True,False,False,False,True,False,True,False,True,False,False
2018,950000,41395,False,False,False,True,True,False,False,False,False,False,False
2012,250999,35000,True,False,False,False,True,False,True,False,True,False,False
2012,385000,52000,True,False,False,False,False,False,True,False,False,False,False
2009,1250000,47000,True,False,False,False,False,False,False,False,True,False,False
2013,165000,50000,False,False,False,True,True,False,True,False,False,False,False
2015,700000,48000,False,False,False,True,False,False,True,False,False,False,False
2015,750000,53000,True,False,False,False,False,False,True,False,False,False,False
2008,89999,213000,True,False,False,False,True,False,True,False,False,False,False
2018,290000,15000,False,False,False,True,False,False,False,False,False,False,False
2014,45000,7000,False,False,False,True,True,False,True,False,True,False,False
2013,675000,88000,True,False,False,False,False,False,False,False,False,False,False
2015,530000,55000,True,False,False,False,False,False,True,False,False,False,False
2014,1485000,48000,True,False,False,False,False,False,False,False,False,False,False
2014,325000,71014,True,False,False,False,False,False,True,False,False,False,False
2015,400000,60000,True,False,False,False,False,False,True,False,False,False,False
2017,380000,71000,True,False,False,False,False,False,True,False,False,False,False
2016,750000,45000,False,False,False,True,False,False,False,False,False,False,False
2017,390000,45000,False,False,False,True,False,False,True,False,False,False,False
2009,110000,20000,False,False,False,True,True,False,True,False,False,False,False
2019,1825000,14000,True,False,False,False,False,False,True,False,False,False,False
2019,3256000,17000,True,False,False,False,False,False,False,False,False,False,False
2015,370000,60000,True,False,False,False,False,False,True,False,False,False,False
2013,210000,80000,True,False,False,False,True,False,True,False,True,False,False
2007,175000,181000,True,False,False,False,True,False,True,True,False,False,False
2012,575000,89550,True,False,False,False,True,False,True,False,True,False,False
2010,320000,90000,True,False,False,False,True,False,True,False,False,False,True
2010,280000,149500,True,False,False,False,True,False,True,False,False,False,True
2013,500000,190000,True,False,False,False,True,False,True,False,True,False,False
2013,380000,83000,True,False,False,False,False,False,True,False,False,False,False
2005,120000,20000,False,False,False,True,True,False,True,False,True,False,False
2018,395000,20000,False,False,False,True,True,False,True,False,False,False,False
2010,360000,160000,True,False,False,False,True,False,True,False,False,False,False
2015,451000,100000,True,False,False,False,True,False,True,False,False,False,False
2010,175000,45000,False,False,False,True,True,False,True,False,True,False,False
2009,170000,44800,False,False,False,True,True,False,True,False,True,False,False
2006,100000,40000,False,False,False,True,True,False,True,False,True,False,False
2014,150000,120000,False,False,False,True,True,False,True,False,False,False,True
2011,149000,10000,True,False,False,False,True,False,True,False,True,False,False
2011,160000,80000,True,False,False,False,True,False,True,False,True,False,False
2018,434999,10000,False,False,False,True,True,False,True,False,False,False,False
2014,800000,156000,True,False,False,False,True,False,True,False,False,False,False
2010,819999,120000,True,False,False,False,True,False,True,False,True,False,False
2007,163000,100000,False,False,False,True,True,False,True,False,True,False,False
2001,350000,100000,True,False,False,False,True,False,True,False,True,False,False
2006,75000,100000,False,False,False,True,True,False,True,False,True,False,False
2012,180000,60000,False,False,False,True,True,False,True,False,True,False,False
2017,675000,30000,True,False,False,False,True,False,True,False,False,False,False
2013,400000,170000,True,False,False,False,True,False,True,False,False,False,False
2013,434999,100000,True,False,False,False,True,False,True,False,True,False,False
2006,100000,110000,False,False,False,True,True,False,True,False,True,False,False
2015,419000,170000,True,False,False,False,True,False,True,False,True,False,False
2009,200000,100000,False,False,False,True,True,False,True,False,False,False,False
2014,400000,35000,True,False,False,False,True,False,True,False,False,False,False
2018,790000,40000,True,False,False,False,True,False,True,False,True,False,False
2015,500000,90000,True,False,False,False,True,False,True,False,True,False,False
2012,275000,120000,True,False,False,False,True,False,True,False,True,False,False
2012,450000,120000,True,False,False,False,True,False,True,False,True,False,False
2020,1400000,25000,True,False,False,False,False,False,True,False,False,False,False
2015,800000,15000,True,False,False,False,True,False,True,False,False,False,False
2014,315000,41000,False,False,False,True,False,False,True,False,False,False,False
2019,700000,16000,False,False,False,True,True,False,True,False,False,False,False
2016,585000,51000,True,False,False,False,False,False,True,False,False,False,False
2014,350000,30000,False,False,False,True,True,False,True,False,False,False,False
2014,495000,80000,True,False,False,False,False,False,True,False,False,False,False
2017,500000,50000,False,False,False,True,True,False,True,False,False,False,False
2013,345000,44000,False,False,False,True,False,False,True,False,False,False,False
2015,500000,10000,False,False,False,True,True,False,True,False,False,False,False
2016,360000,33000,False,False,False,True,False,False,True,False,False,False,False
2010,210000,25000,False,False,False,True,True,False,True,False,False,False,False
2014,220000,66000,False,False,False,True,False,False,True,False,False,False,False
2009,250000,48000,False,False,False,True,True,False,True,False,False,False,False
2016,990000,146000,True,False,False,False,False,False,True,False,False,False,False
2013,220000,100000,True,False,False,False,True,False,True,True,False,False,False
2012,1800000,50000,True,False,False,False,True,False,False,False,True,False,False
2014,530000,50000,False,False,False,True,True,False,True,False,False,False,False
2016,575000,50000,True,False,False,False,True,False,True,False,False,False,False
2012,400000,99000,True,False,False,False,False,False,True,False,False,False,False
2016,680000,50000,True,False,False,False,True,False,True,False,False,False,False
2014,1000000,80000,True,False,False,False,True,False,False,False,False,False,False
2016,260000,45000,False,False,False,True,True,False,True,False,True,False,False
2010,150000,50000,False,False,False,True,True,False,True,False,True,False,False
2008,180000,70000,False,False,False,True,True,False,True,False,False,False,True
2014,346000,37516,True,False,False,False,True,False,True,False,False,False,False
2015,450000,20000,True,False,False,False,True,False,True,False,False,False,False
2019,500000,5000,False,False,False,True,True,False,True,False,False,False,False
2019,700000,8000,True,False,False,False,True,False,True,False,False,False,False
2019,280000,25880,False,False,False,True,True,False,True,False,False,False,False
2019,475000,10000,False,False,False,True,True,False,False,False,False,False,False
2009,300000,50000,True,False,False,False,True,False,True,False,False,False,False
2014,200999,40000,False,False,False,True,True,False,True,False,False,False,False
2009,200000,100000,True,False,False,False,True,False,True,False,False,False,True
2009,210000,80000,False,False,False,True,True,False,True,False,True,False,False
2012,160000,110000,True,False,False,False,True,False,True,False,False,False,False
2009,175000,136000,True,False,False,False,True,False,True,False,True,False,False
2012,320000,80000,True,False,False,False,True,False,True,False,False,False,False
2009,110000,50000,False,False,False,True,True,False,True,False,True,False,False
2008,300000,30000,False,False,False,True,True,False,True,False,False,False,False
2012,700000,10000,False,False,False,True,True,False,True,False,False,False,False
2009,135000,90000,True,False,False,False,True,False,True,True,False,False,False
2015,500000,110000,True,False,False,False,True,False,True,False,False,False,False
2012,550000,120000,True,False,False,False,True,False,True,False,True,False,False
2014,1050000,90000,True,False,False,False,True,False,True,False,False,False,True
2016,500000,20000,False,False,False,True,True,False,True,False,False,False,False
2011,180000,90000,True,False,False,False,True,False,True,False,True,False,False
2010,170000,50000,False,False,False,True,True,False,True,False,True,False,False
2019,484999,9000,False,False,False,True,True,False,True,False,False,False,False
2011,150000,70000,False,False,False,True,True,False,True,False,True,False,False
2018,380000,25000,False,False,False,True,True,False,True,False,False,False,False
2019,480000,10000,False,False,False,True,True,False,True,False,False,False,False
2009,135000,90000,True,False,False,False,True,False,True,True,False,False,False
2011,290000,60000,True,False,False,False,True,False,True,False,True,False,False
2013,350000,70000,False,False,False,True,True,False,True,False,False,False,False
2014,110000,25000,False,False,False,True,True,False,True,False,False,False,False
2003,70000,80000,False,False,False,True,True,False,True,False,False,False,True
2011,300000,70000,False,False,False,True,True,False,False,False,False,False,True
2017,180000,60000,False,False,False,True,True,False,True,False,False,False,False
2020,300000,20000,False,False,False,True,True,False,True,False,False,False,False
2017,509000,60000,False,False,False,True,True,False,True,False,False,False,False
2016,650000,80000,True,False,False,False,True,False,True,False,False,False,False
2015,450000,70000,True,False,False,False,True,False,True,False,False,False,True
1999,170000,2020,True,False,False,False,True,False,True,False,True,False,False
2007,210000,100000,True,False,False,False,True,False,True,False,True,False,False
2013,360000,80000,True,False,False,False,True,False,True,False,True,False,False
2011,495000,120000,True,False,False,False,True,False,True,False,True,False,False
2006,105000,100000,False,False,False,True,True,False,True,False,False,False,True
2010,270000,60000,False,False,False,True,True,False,True,False,False,False,True
2010,130000,110000,False,False,False,True,True,False,True,False,False,False,False
2014,700000,90000,True,False,False,False,True,False,True,False,True,False,False
2012,400000,40000,True,False,False,False,True,False,True,False,False,False,False
2009,250000,60000,False,False,False,True,True,False,True,False,True,False,False
2013,325000,94000,True,False,False,False,True,False,True,False,True,False,False
2008,69000,100000,False,False,False,True,True,False,True,False,False,False,False
2018,1380000,25000,True,False,False,False,True,False,True,False,False,False,False
2007,90000,90000,False,False,False,True,True,False,True,False,False,False,False
2016,1000000,40000,True,False,False,False,True,False,True,False,False,False,False
2010,145000,90000,False,False,False,False,True,False,True,False,True,False,False
2020,250000,1100,False,False,False,True,True,False,True,True,False,False,False
2011,256000,70000,True,False,False,False,True,False,True,False,False,False,True
2005,70000,120000,True,False,False,False,True,False,True,False,False,False,False
2000,50000,88500,False,False,False,True,True,False,True,True,False,False,False
2016,240000,70000,False,False,False,True,True,False,True,False,True,False,False
2010,97000,128000,False,False,False,True,True,False,True,False,False,False,False
2012,130000,120000,True,False,False,False,True,False,True,False,False,False,False
2009,199000,52536,False,False,False,True,True,False,True,False,False,False,False
2006,125000,70000,False,False,False,True,True,False,False,False,False,False,False
2015,420000,60000,True,False,False,False,True,False,True,False,False,False,False
2016,525000,110000,True,False,False,False,True,False,True,False,False,False,False
2008,125000,85000,False,False,False,True,True,False,True,False,False,False,False
2010,325000,135000,True,False,False,False,True,False,True,False,False,False,False
2012,330000,86000,True,False,False,False,True,False,True,True,False,False,False
2010,110000,50000,False,False,False,True,True,False,True,False,False,False,False
2019,450000,1950,False,False,False,True,True,False,True,False,False,False,False
2005,85000,118400,False,False,False,True,True,False,True,False,False,False,False
2007,229999,70000,False,False,False,True,True,False,True,False,True,False,False
2012,250000,60000,False,False,False,True,True,False,True,False,True,False,False
2015,650000,68000,True,False,False,False,True,False,True,False,False,False,False
2017,600000,46507,True,False,False,False,False,True,True,False,False,False,False
2017,650000,6480,False,False,False,True,False,True,True,False,False,False,False
2017,750000,32077,True,False,False,False,False,True,True,False,False,False,False
2018,850000,19107,False,False,False,True,False,True,True,False,False,False,False
2017,315000,18469,False,False,False,True,False,True,True,False,False,False,False
2015,415000,28217,False,False,False,True,False,True,True,False,False,False,False
2016,640000,72787,True,False,False,False,False,True,True,False,False,False,False
2017,780000,31063,False,False,False,True,False,True,True,False,False,False,False
2017,2595000,79641,True,False,False,False,False,True,False,False,False,False,False
2015,850000,58692,True,False,False,False,False,True,True,False,False,False,False
2015,900000,54784,True,False,False,False,False,True,True,False,False,False,False
2016,1150000,64156,False,False,False,True,False,True,True,False,False,False,False
2007,75000,54000,False,False,False,True,True,False,True,False,False,False,False
2012,215000,97000,True,False,False,False,True,False,True,False,False,False,False
2009,130000,120000,False,False,False,True,True,False,False,False,True,False,False
2019,400000,16000,False,False,False,True,True,False,False,False,False,False,False
2019,550000,60000,False,False,False,True,True,False,False,False,False,False,False
2016,245000,52000,False,False,False,True,False,False,True,False,False,False,False
2010,320000,110000,True,False,False,False,True,False,True,True,False,False,False
2016,730000,60000,True,False,False,False,True,False,False,False,True,False,False
2005,120000,100000,False,False,False,True,True,False,True,False,False,False,True
2017,950000,35000,False,False,False,True,True,False,True,False,False,False,False
2017,350000,48000,False,False,False,True,True,False,True,False,False,False,True
2005,100000,20000,False,False,False,True,True,False,True,False,True,False,False
2017,350000,30000,False,False,False,True,True,False,True,False,False,False,False
2005,80000,40000,False,False,False,True,True,False,True,False,True,False,False
2013,370000,60000,False,False,False,True,True,False,True,False,False,False,False
2012,160000,70000,False,False,False,True,True,False,True,False,True,False,False
2009,130000,120000,True,False,False,False,True,False,True,False,False,False,False
2016,250000,30000,False,False,False,True,True,False,True,False,False,False,False
2012,270000,80000,True,False,False,False,True,False,True,False,True,False,False
2019,2600000,9500,True,False,False,False,True,False,False,False,False,False,False
2013,160000,80000,False,False,False,True,True,False,True,False,False,False,False
2016,229999,80000,False,False,False,True,True,False,True,False,False,False,False
2017,750000,29000,True,False,False,False,True,False,True,False,False,False,False
2011,195000,120000,True,False,False,False,True,False,True,False,False,False,False
2015,320000,60000,False,False,False,True,True,False,True,False,False,False,False
2018,1100000,20000,True,False,False,False,True,False,True,False,False,False,False
2016,270000,22000,False,False,False,True,True,False,True,False,False,False,False
2012,300000,50000,False,False,False,True,True,False,True,False,False,False,False
2012,200000,50000,True,False,False,False,True,False,True,False,False,False,False
2007,120000,81366,False,False,False,True,True,False,True,False,False,False,False
2006,95000,110000,False,False,False,True,True,False,True,False,False,False,False
2013,400000,100000,False,False,False,True,True,False,True,False,False,False,False
2006,229999,300000,True,False,False,False,True,False,True,False,False,False,False
2016,430000,20000,True,False,False,False,True,False,True,False,False,False,False
2012,300000,90000,True,False,False,False,True,False,True,False,False,False,False
2013,350000,70000,False,False,False,True,True,False,True,False,False,False,False
2013,450000,120000,True,False,False,False,True,False,True,False,False,False,False
2016,200000,53000,False,False,False,True,True,False,True,False,True,False,False
2017,250000,30000,False,False,False,True,True,False,True,False,False,False,False
2012,368000,90000,False,False,False,True,True,False,True,False,True,False,False
2012,368000,90000,False,False,False,True,True,False,True,False,True,False,False
2014,650000,244000,True,False,False,False,True,False,True,False,False,False,False
1997,150000,120000,True,False,False,False,True,False,True,False,False,False,True
2012,180000,60000,False,False,True,False,True,False,True,False,False,False,False
2017,525000,15000,False,False,False,True,True,False,True,False,False,False,False
2005,350000,150000,True,False,False,False,True,False,True,False,True,False,False
2018,850000,30000,True,False,False,False,True,False,True,False,True,False,False
2011,350000,312000,True,False,False,False,True,False,True,False,False,False,True
2007,75000,54000,False,False,False,True,True,False,True,False,False,False,False
2005,160000,67000,False,False,False,True,True,False,True,False,False,False,False
2017,500000,40000,True,False,False,False,True,False,True,False,False,False,False
2008,130000,100000,False,False,False,True,True,False,True,False,False,False,False
2015,350000,100000,True,False,False,False,True,False,True,False,True,False,False
2005,70000,80000,False,False,False,True,True,False,True,False,False,False,False
2014,750000,145000,True,False,False,False,True,False,True,False,True,False,False
2013,450000,53000,True,False,False,False,True,False,True,False,False,False,False
2015,430000,73000,True,False,False,False,True,False,True,False,False,False,True
2011,260000,90000,True,False,False,False,True,False,True,False,False,False,True
2013,370000,80000,True,False,False,False,True,False,True,False,False,False,True
2011,229999,100000,False,False,False,False,True,False,True,False,False,False,False
2011,140000,90000,True,False,False,False,True,False,True,False,False,False,True
2013,700000,200000,True,False,False,False,True,False,True,False,False,False,False
2020,545000,7300,False,False,False,True,True,False,True,False,False,False,False
2017,200000,30000,False,False,False,True,True,False,True,False,False,False,False
2015,500000,120000,True,False,False,False,True,False,True,False,False,False,False
2008,70000,90000,False,False,False,True,True,False,True,False,True,False,False
2013,580000,25000,True,False,False,False,True,False,True,False,False,False,True
2012,160000,70000,False,False,False,False,True,False,True,False,True,False,False
2018,450000,6000,False,False,False,True,True,False,True,False,False,False,False
2010,160000,36000,False,False,False,True,True,False,True,False,False,False,False
2016,760000,49000,True,False,False,False,True,False,True,False,False,False,False
2015,300000,22000,False,False,False,True,True,False,True,False,False,False,False
1998,50000,35000,False,False,True,False,True,False,True,False,True,False,False
2019,800000,24000,True,False,False,False,True,False,True,False,False,False,False
2018,680000,20000,True,False,False,False,True,False,True,False,False,False,False
2009,85000,50000,False,False,True,False,True,False,True,False,True,False,False
2016,1300000,70000,True,False,False,False,True,False,True,False,False,False,False
2016,500000,60000,False,False,False,True,True,False,True,False,False,False,False
2015,3500000,35000,True,False,False,False,True,False,False,False,False,False,False
2008,145000,60000,False,False,False,True,True,False,True,False,False,False,False
2013,300000,60000,True,False,False,False,True,False,True,False,False,False,False
2017,600000,60000,True,False,False,False,True,False,True,False,True,False,False
2015,400000,70000,False,False,False,True,True,False,True,False,True,False,False
2007,130000,135000,False,False,False,True,True,False,True,False,True,False,False
2001,45000,72539,False,False,False,True,True,False,True,False,True,False,False
2017,641000,25000,False,False,False,True,True,False,True,False,False,False,False
2015,650000,50000,True,False,False,False,True,False,True,False,False,False,False
2020,784000,101,True,False,False,False,False,False,True,False,False,True,False
2020,635000,101,False,False,False,True,False,False,True,False,False,True,False
2020,1000000,101,True,False,False,False,False,False,True,False,False,True,False
2015,495000,52328,True,False,False,False,False,False,True,False,False,False,False
2013,324000,30000,False,False,False,True,True,False,True,False,False,False,False
2016,2100000,91505,True,False,False,False,False,False,False,False,False,False,False
2018,200000,35000,False,False,False,True,True,False,True,False,False,False,False
2015,320000,60000,True,False,False,False,True,False,True,False,False,False,False
2015,300000,20500,False,False,False,True,True,False,True,False,False,False,False
2013,180000,200000,True,False,False,False,True,False,True,False,False,False,False
2008,500000,154000,True,False,False,False,True,False,True,False,False,False,True
2011,305000,120000,False,False,False,True,True,False,True,False,True,False,False
2009,125000,50000,False,False,False,True,True,False,True,True,False,False,False
2015,800000,135000,True,False,False,False,True,False,True,False,False,False,False
2009,420000,100000,True,False,False,False,True,False,True,False,False,False,False
2017,875000,40000,True,False,False,False,True,False,True,False,False,False,False
2014,580000,70000,True,False,False,False,True,False,True,False,False,False,False
2011,350000,133000,True,False,False,False,True,False,True,False,True,False,False
2004,120000,110000,False,False,False,True,True,False,True,False,True,False,False
2013,150000,180000,True,False,False,False,True,False,True,False,False,False,True
2013,650000,120000,True,False,False,False,True,False,True,False,False,False,False
2010,225000,80000,False,False,False,True,True,False,True,False,True,False,False
2014,400000,15000,False,False,False,True,True,False,False,False,False,False,False
2005,250000,70000,False,False,False,True,True,False,True,False,False,False,False
2008,120000,41723,False,False,False,True,True,False,True,False,True,False,False
2010,250000,70000,False,False,False,True,True,False,True,False,False,False,False
2012,175000,20000,False,False,False,True,True,False,True,False,True,False,False
2013,450000,1000,True,False,False,False,False,False,True,False,True,False,False
2018,590000,26350,True,False,False,False,False,False,True,False,False,False,False
2015,225000,68745,True,False,False,False,False,False,True,False,False,False,False
2016,900000,47000,True,False,False,False,True,False,True,False,False,False,False
2017,375000,27289,False,False,False,True,False,False,False,False,False,False,False
2016,320000,24662,False,False,False,True,False,False,True,False,False,False,False
2013,525000,37000,True,False,False,False,False,False,True,False,False,False,False
2014,650000,28245,True,False,False,False,False,False,True,False,False,False,False
2017,575000,27005,True,False,False,False,False,False,True,False,False,False,False
2014,355000,39227,False,False,False,True,False,False,True,False,False,False,False
2016,470000,31367,True,False,False,False,False,False,True,False,False,False,False
2008,221000,35008,False,False,False,True,False,False,True,False,False,False,False
2009,195000,27005,False,False,False,True,False,False,True,False,False,False,False
2004,90000,100005,False,False,False,True,False,False,True,False,True,False,False
2013,580000,45264,True,False,False,False,False,False,True,False,False,False,False
2014,325000,39093,False,False,False,True,False,False,True,False,False,False,False
2013,495000,45241,False,False,False,True,False,False,True,False,False,False,False
2014,290000,12000,False,False,False,True,False,False,True,False,False,False,False
2018,375000,2769,False,False,False,True,False,False,True,False,False,False,False
2011,211000,43128,True,False,False,False,False,False,True,False,False,False,False
2010,270000,110000,False,False,False,True,True,False,True,False,True,False,False
2004,70000,50000,False,False,False,True,True,False,True,False,True,False,False
2010,225000,60000,False,False,False,True,True,False,True,False,True,False,False
2014,420000,70000,True,False,False,False,True,False,True,False,False,False,True
2015,280000,22255,False,False,False,True,True,False,True,False,False,False,False
2013,400000,59213,False,False,False,True,True,False,True,False,False,False,False
2015,850000,55000,True,False,False,False,True,False,True,False,False,False,False
2011,550000,80000,True,False,False,False,True,False,True,False,False,False,False
2011,550000,80000,True,False,False,False,True,False,True,False,False,False,False
2018,1000000,40000,True,False,False,False,True,False,True,False,False,False,False
2014,350000,170000,True,False,False,False,True,False,True,False,False,False,False
2011,350000,170000,True,False,False,False,True,False,True,False,True,False,False
2007,170000,70000,False,False,False,True,True,False,True,False,False,False,True
2020,828999,1010,False,False,False,True,False,False,True,False,False,True,False
2020,1119000,1010,False,False,False,True,False,False,True,False,False,True,False
2020,746000,1111,False,False,False,True,False,False,True,False,False,True,False
2020,1030000,1010,False,False,False,True,False,False,True,False,False,True,False
2020,1334000,1010,True,False,False,False,False,False,True,False,False,True,False
2020,811999,1010,False,False,False,True,False,False,True,False,False,True,False
2020,1331000,1010,True,False,False,False,False,False,True,False,False,True,False
2020,852000,1010,False,False,False,True,False,False,True,False,False,True,False
2006,45000,120000,True,False,False,False,True,False,True,False,True,False,False
2013,430000,70000,True,False,False,False,True,False,True,False,False,False,True
2011,140000,60000,True,False,False,False,True,False,True,False,True,False,False
2015,830000,70000,True,False,False,False,True,False,True,False,False,False,False
2009,409999,110000,True,False,False,False,True,False,True,False,True,False,False
2012,190000,80000,True,False,False,False,True,False,True,False,False,False,True
2007,200000,80000,False,False,False,True,True,False,True,False,True,False,False
2006,120000,110000,False,False,False,True,True,False,True,False,True,False,False
2019,850000,50000,True,False,False,False,True,False,True,False,False,False,False
2011,95000,115000,True,False,False,False,True,False,True,True,False,False,False
2013,213000,80000,False,False,False,True,True,False,True,False,False,False,False
2018,660000,25000,True,False,False,False,True,False,True,False,False,False,False
2017,415000,48965,False,False,False,True,False,False,True,False,False,False,False
2019,1100000,5166,False,False,False,True,False,False,True,False,False,True,False
2012,650000,76290,True,False,False,False,False,False,True,False,False,False,False
2016,969999,70000,True,False,False,False,True,False,False,False,True,False,False
2016,1250000,35000,True,False,False,False,True,False,True,False,False,False,False
2017,715000,25000,True,False,False,False,True,False,False,False,False,False,False
2017,715000,25000,True,False,False,False,True,False,False,False,False,False,False
2016,565000,47000,True,False,False,False,False,False,True,False,False,False,False
2013,615000,45766,True,False,False,False,True,False,True,False,True,False,False
2007,199000,78771,True,False,False,False,False,False,True,False,True,False,False
2010,325000,79357,True,False,False,False,False,False,True,False,False,False,False
2012,409999,28000,True,False,False,False,True,False,True,False,False,False,False
2012,500000,72000,True,False,False,False,False,False,False,False,True,False,False
2011,225000,76736,True,False,False,False,False,False,True,False,True,False,False
2007,135000,70000,False,False,False,True,True,False,True,False,True,False,False
2012,750000,80000,True,False,False,False,True,False,False,False,True,False,False
2009,155000,60000,False,False,True,False,True,False,True,False,True,False,False
2012,335000,77000,True,False,False,False,False,False,True,False,False,False,True
2005,114999,92645,True,False,False,False,False,False,True,True,False,False,False
2007,699000,101849,True,False,False,False,False,False,True,False,True,False,False
2004,110000,120000,True,False,False,False,True,False,True,True,False,False,False
2012,300000,80000,False,False,False,True,True,False,True,False,False,False,False
2014,700000,70000,True,False,False,False,True,False,True,False,True,False,False
2017,700000,120000,True,False,False,False,True,False,True,False,False,False,False
2013,210000,42000,False,False,False,True,True,False,True,False,False,False,True
2012,600000,120000,True,False,False,False,True,False,True,False,False,False,True
2012,180000,155836,True,False,False,False,True,False,True,False,True,False,False
2011,220000,59000,False,False,False,True,True,False,True,False,True,False,False
2009,70000,60000,False,False,False,True,True,False,True,False,False,False,False
2018,950000,70000,True,False,False,False,True,False,True,False,True,False,False
2014,800000,20000,True,False,False,False,True,False,True,False,False,False,False
2012,700000,120000,True,False,False,False,True,False,True,False,False,False,True
2016,265000,40000,False,False,False,True,True,False,True,False,False,False,False
2011,175000,90000,True,False,False,False,True,False,True,False,False,False,True
2012,260000,89000,True,False,False,False,True,False,True,False,True,False,False
2013,950000,80000,True,False,False,False,True,False,True,False,False,False,True
2009,250000,200000,True,False,False,False,True,False,True,True,False,False,False
2015,630000,50000,True,False,False,False,True,False,True,False,False,False,False
2012,35000,35000,False,False,False,True,True,False,True,False,False,False,True
2013,450000,1000,True,False,False,False,False,False,True,False,True,False,False
2018,3800000,10000,True,False,False,False,False,False,False,False,False,False,False
2013,1580000,86000,True,False,False,False,False,False,False,False,False,False,False
2019,4950000,30000,True,False,False,False,False,False,False,False,False,False,False
2016,535000,52600,True,False,False,False,True,False,True,False,False,False,False
2012,225000,110000,False,False,False,True,True,False,True,False,True,False,False
2017,550000,19890,False,False,False,True,False,False,False,False,False,False,False
2016,670000,7104,False,False,False,True,False,True,True,False,False,False,False
2015,625000,11918,False,False,False,True,False,True,True,False,False,False,False
2017,520000,10510,False,False,False,True,False,False,False,False,False,False,False
2016,239000,41000,False,False,False,True,False,False,True,False,False,False,False
2017,2600000,47162,True,False,False,False,False,True,False,False,False,False,False
2015,750000,45974,True,False,False,False,False,True,True,False,False,False,False
2012,229999,49824,False,False,False,True,False,False,True,False,False,False,False
2013,1300000,58500,True,False,False,False,False,False,False,False,False,False,False
2005,80000,56580,False,False,False,True,False,False,True,False,False,False,False
2012,385000,52000,True,False,False,False,False,False,True,False,False,False,False
2015,760000,55340,False,False,False,True,False,True,True,False,False,False,False
2017,600000,46507,True,False,False,False,False,True,True,False,False,False,False
2014,330000,200000,True,False,False,False,True,False,True,False,False,False,True
2009,150000,120000,False,False,False,True,True,False,True,False,False,False,False
2008,105000,90000,True,False,False,False,True,False,True,False,False,False,False
2013,185000,65000,True,False,False,False,True,False,True,False,False,False,False
2014,260000,50000,True,False,False,False,True,False,True,False,False,False,False
2012,450000,33000,True,False,False,False,True,False,True,False,False,False,False
2016,500000,38000,False,False,False,True,True,False,True,False,False,False,False
2012,260000,40000,False,False,False,True,True,False,True,False,False,False,False
2012,265000,55000,True,False,False,False,True,False,True,False,True,False,False
2017,800000,26000,True,False,False,False,True,False,True,False,True,False,False
2016,869999,80000,True,False,False,False,True,False,True,False,False,False,False
2018,690000,40000,False,False,False,True,True,False,True,False,False,False,False
2011,825000,120000,True,False,False,False,True,False,True,False,False,False,False
2006,160000,63230,False,False,False,True,True,False,True,False,True,False,False
2006,300000,120000,True,False,False,False,True,False,True,False,True,False,False
2005,100000,100000,False,False,False,True,True,False,True,False,False,False,True
2015,530000,77000,True,False,False,False,True,False,True,False,True,False,False
2016,360000,30000,False,False,False,True,True,False,True,False,False,False,False
2015,220000,40000,False,False,False,True,True,False,True,False,False,False,False
2017,178000,35000,False,False,False,True,True,False,True,False,False,False,False
2018,515000,5000,True,False,False,False,True,False,True,False,False,False,False
2014,300000,35000,False,False,False,True,True,False,True,False,False,False,False
2008,105000,90000,True,False,False,False,True,False,True,False,False,False,False
2013,185000,65000,True,False,False,False,True,False,True,False,False,False,False
2012,150000,80000,True,False,False,False,True,False,True,False,True,False,False
2014,260000,50000,True,False,False,False,True,False,True,False,False,False,False
2012,450000,33000,True,False,False,False,True,False,True,False,False,False,False
2016,500000,38000,False,False,False,True,True,False,True,False,False,False,False
2012,260000,40000,False,False,False,True,True,False,True,False,False,False,False
2012,265000,55000,True,False,False,False,True,False,True,False,True,False,False
2017,750000,15000,False,False,False,True,True,False,True,False,False,False,False
2017,800000,26000,True,False,False,False,True,False,True,False,True,False,False
2016,869999,80000,True,False,False,False,True,False,True,False,False,False,False
2012,950000,80000,True,False,False,False,True,False,True,False,False,False,False
2018,690000,40000,False,False,False,True,True,False,True,False,False,False,False
2011,825000,120000,True,False,False,False,True,False,True,False,False,False,False
2013,170000,70000,False,False,False,True,True,False,True,False,False,False,False
2006,160000,63230,False,False,False,True,True,False,True,False,True,False,False
2006,300000,120000,True,False,False,False,True,False,True,False,True,False,False
2015,315000,45000,False,False,False,True,True,False,True,False,True,False,False
2006,90000,40000,False,False,False,True,True,False,True,False,True,False,False
2005,100000,100000,False,False,False,True,True,False,True,False,False,False,True
2008,65000,110000,False,False,False,True,True,False,True,False,False,False,True
2012,312000,90000,True,False,False,False,True,False,True,False,True,False,False
2018,700000,25000,True,False,False,False,True,False,True,False,False,False,False
2005,150000,47000,False,False,False,True,True,False,True,False,False,False,False
2013,450000,60000,True,False,False,False,True,False,True,False,False,False,False
2010,229999,120000,True,False,False,False,True,False,True,False,True,False,False
2008,111000,120000,True,False,False,False,True,False,True,False,False,False,False
2012,250000,140000,True,False,False,False,True,False,True,False,True,False,False
2019,750000,1001,True,False,False,False,False,False,True,False,False,False,False
2017,774000,1758,False,False,False,True,False,False,False,False,False,False,False
2018,711000,1452,False,False,False,True,False,False,False,False,False,False,False
2017,600000,35122,True,False,False,False,False,False,True,False,False,False,False
2015,455000,92621,True,False,False,False,False,False,True,False,False,False,False
2015,225000,92198,False,False,False,True,False,False,True,False,True,False,False
2019,650000,5000,True,False,False,False,True,False,True,False,False,False,False
2013,200000,50000,False,False,False,True,True,False,True,False,False,False,False
2016,875000,74000,True,False,False,False,True,False,False,False,False,False,False
2017,750000,40000,True,False,False,False,True,False,False,False,False,False,False
2019,725000,22000,True,False,False,False,True,False,False,False,False,False,False
2007,100000,100000,False,False,False,True,True,False,True,False,True,False,False
2019,1100000,40000,True,False,False,False,True,False,True,False,False,False,False
2017,2700000,30000,True,False,False,False,True,False,False,False,False,False,False
2016,280000,23000,False,False,False,True,True,False,True,False,False,False,False
2009,150000,30000,True,False,False,False,True,False,True,False,False,False,False
2010,200000,50000,False,False,False,True,True,False,True,False,False,False,False
2010,148000,100000,True,False,False,False,True,False,True,False,True,False,False
2011,254999,70000,False,False,False,True,True,False,True,False,True,False,False
2013,360000,60000,False,False,False,True,True,False,True,False,True,False,False
2006,95000,90000,False,False,False,True,True,False,True,False,True,False,False
2007,185000,230000,True,False,False,False,True,False,True,False,True,False,False
2012,185000,40000,True,False,False,False,True,False,True,False,False,False,False
2019,300000,15000,False,False,False,True,True,False,True,False,False,False,False
2018,800000,40000,False,False,False,True,True,False,True,False,False,False,False
2000,60000,50000,False,False,False,True,True,False,True,False,False,False,False
2010,80000,50000,False,False,False,True,True,False,True,False,True,False,False
2018,500000,8000,False,False,False,True,True,False,True,False,False,False,False
2013,250000,35000,False,False,False,True,True,False,True,False,False,False,False
2010,250000,80000,True,False,False,False,True,False,True,False,False,False,False
2005,125000,50000,False,False,False,True,True,False,True,False,True,False,False
2002,100000,80000,False,False,False,True,True,False,True,True,False,False,False
2010,480000,90000,True,False,False,False,True,False,True,False,False,False,False
2018,320000,30000,False,False,False,True,True,False,True,False,True,False,False
2010,130000,70000,False,False,False,True,True,False,True,False,True,False,False
2006,57000,80000,True,False,False,False,True,False,True,False,True,False,False
2005,75000,60000,False,False,False,True,True,False,True,False,False,False,False
2003,60000,35000,False,False,False,True,True,False,True,False,False,False,False
2008,125000,70000,False,False,False,True,True,False,True,False,False,False,False
2004,105000,100000,False,False,False,True,True,False,True,False,False,False,True
2008,125000,152000,False,False,True,False,True,False,True,False,True,False,False
1998,69000,70000,False,False,False,True,True,False,True,False,True,False,False
2012,130000,90000,True,False,False,False,True,False,True,False,True,False,False
2019,630000,40000,False,False,False,True,True,False,True,False,False,False,False
2016,330000,50000,False,False,False,True,True,False,True,False,True,False,False
2014,340000,15000,False,False,False,True,True,False,True,False,True,False,False
2006,60000,120000,False,False,False,True,True,False,True,False,False,False,True
2014,550000,78322,True,False,False,False,True,False,True,False,False,False,False
2014,480000,110000,True,False,False,False,True,False,True,False,True,False,False
2013,315000,80000,True,False,False,False,True,False,True,False,True,False,False
2012,165000,120000,True,False,False,False,True,False,True,False,False,False,False
2016,170000,125000,False,False,False,True,True,False,True,False,False,False,False
2018,550000,8000,False,False,False,True,True,False,True,False,False,False,False
2018,465000,13000,False,False,False,True,True,False,True,False,False,False,False
2012,120000,80000,True,False,False,False,True,False,True,False,False,False,True
2008,220000,54309,False,False,False,True,True,False,True,False,False,False,False
2011,180000,70000,True,False,False,False,True,False,True,False,True,False,False
2006,150000,34600,False,False,False,True,True,False,True,False,False,False,True
2016,520000,25000,False,False,False,True,True,False,True,False,False,False,False
2013,430000,80000,True,False,False,False,True,False,True,False,False,False,True
2009,300000,55000,True,False,False,False,True,False,True,False,True,False,False
2020,1000000,5000,True,False,False,False,True,False,True,False,False,False,False
2017,725000,30000,True,False,False,False,True,False,True,False,False,False,False
2011,500000,31000,True,False,False,False,True,False,True,False,False,False,False
2011,250000,50000,False,False,False,True,True,False,True,False,False,False,False
2018,700000,38217,True,False,False,False,True,False,True,False,False,False,False
2011,185000,50000,False,False,False,True,True,False,True,False,False,False,True
2011,200000,120000,True,False,False,False,True,False,True,False,False,False,False
2004,315000,110000,True,False,False,False,True,False,True,False,False,False,True
2019,1100000,40000,True,False,False,False,True,False,True,False,False,False,False
2001,52000,50000,False,False,False,True,True,False,True,False,False,False,True
2017,600000,10000,False,False,False,True,True,False,True,False,False,False,False
2019,1700000,10000,True,False,False,False,True,False,True,False,False,False,False
2015,451000,100000,True,False,False,False,True,False,True,False,False,False,False
2016,370000,60000,False,False,False,True,True,False,True,False,False,False,False
2017,2700000,30000,True,False,False,False,True,False,False,False,False,False,False
2016,280000,23000,False,False,False,True,True,False,True,False,False,False,False
2017,350000,30000,False,False,False,True,True,False,True,False,False,False,False
2011,250000,50000,False,False,False,True,True,False,True,False,False,False,False
2014,204999,25000,False,False,False,True,True,False,True,False,True,False,False
2019,500000,15000,False,False,False,True,True,False,True,False,False,False,False
2009,150000,30000,True,False,False,False,True,False,True,False,False,False,False
2010,175000,45000,False,False,False,True,True,False,True,False,True,False,False
2009,170000,44800,False,False,False,True,True,False,True,False,True,False,False
2010,200000,50000,False,False,False,True,True,False,True,False,False,False,False
2018,800000,52000,True,False,False,False,True,False,True,False,False,False,False
2017,1200000,50000,True,False,False,False,True,False,False,False,False,False,False
2008,400000,35000,False,False,False,True,True,False,True,False,True,False,False
2010,148000,100000,True,False,False,False,True,False,True,False,True,False,False
2014,200000,100000,True,False,False,False,True,False,True,False,False,False,False
2016,284000,40000,True,False,False,False,True,False,True,False,True,False,False
2007,80000,60000,False,False,False,True,True,False,True,False,False,False,True
2014,170000,77000,False,False,False,True,True,False,True,False,False,False,False
2011,150000,60000,False,False,False,True,True,False,True,False,False,False,False
2010,110000,77073,False,False,False,True,True,False,True,False,True,False,False
2016,400000,70000,True,False,False,False,True,False,True,False,False,False,False
2013,275000,90000,False,False,True,False,True,False,True,False,True,False,False
2013,800000,186000,True,False,False,False,True,False,True,False,False,False,True
2014,550000,90000,True,False,False,False,True,False,True,False,False,False,False
2007,125000,100000,False,False,False,True,True,False,True,False,True,False,False
2010,135000,80000,False,False,False,True,True,False,True,False,True,False,False
2012,349000,150000,True,False,False,False,True,False,True,False,False,False,False
2014,458000,80000,True,False,False,False,True,False,True,False,False,False,False
2018,300000,35000,False,False,False,True,True,False,True,False,False,False,False
2008,95000,70000,False,False,False,True,True,False,True,False,False,False,False
2018,850000,50000,True,False,False,False,True,False,True,False,False,False,False
2019,750000,25000,True,False,False,False,True,False,True,False,False,False,False
2013,190000,120000,True,False,False,False,True,False,True,False,False,False,False
2009,150000,70000,False,False,False,True,True,False,True,False,False,False,False
2009,114999,106000,False,False,False,True,True,False,True,False,False,False,True
2010,320000,120000,False,False,False,True,True,False,True,False,False,False,True
2019,300000,120000,False,False,False,False,True,False,True,False,False,False,False
2016,275000,160000,False,False,False,True,True,False,True,False,False,False,False
2010,140000,120000,False,False,False,True,True,False,True,False,True,False,False
2020,830000,10000,False,False,False,True,True,False,True,False,False,False,False
2013,380000,50000,False,False,False,True,True,False,True,False,False,False,False
2010,150000,90000,False,False,False,True,True,False,True,False,True,False,False
2008,50000,70000,False,False,False,True,True,False,True,False,False,False,False
2008,155000,100000,True,False,False,False,True,False,True,False,False,False,False
2008,155000,100000,True,False,False,False,True,False,True,False,False,False,False
2010,300000,80000,False,False,False,True,True,False,True,False,False,False,False
2018,300000,16584,False,False,False,True,False,False,True,False,False,False,False
2016,385000,38000,True,False,False,False,False,False,True,False,False,False,False
2010,221000,51000,False,False,False,True,False,False,True,False,False,False,False
2016,381000,38000,True,False,False,False,False,False,True,False,False,False,False
2015,250999,35000,False,False,False,True,False,False,True,False,False,False,False
2002,60000,120000,False,False,False,True,True,False,True,False,False,False,True
2016,380000,38000,True,False,False,False,False,False,True,False,False,False,False
2008,180000,144000,True,False,False,False,True,False,True,False,False,False,True
2017,751000,64000,True,False,False,False,False,False,True,False,False,False,False
2015,1250000,60000,True,False,False,False,False,False,False,False,False,False,False
2014,229999,65000,False,False,False,True,False,False,True,False,False,False,False
2019,1250000,24000,True,False,False,False,True,False,True,False,False,False,False
2014,782000,58000,True,False,False,False,False,False,True,False,True,False,False
2014,780000,58000,True,False,False,False,False,False,True,False,True,False,False
2016,245000,68000,False,False,False,True,False,False,True,False,False,False,False
2011,321000,81257,True,False,False,False,False,False,True,False,False,False,False
2017,509999,44000,True,False,False,False,False,False,True,False,False,False,False
2015,110000,45000,False,False,False,True,False,False,True,False,False,False,False
2013,400000,75000,True,False,False,False,False,False,True,False,False,False,False
2013,370000,90000,False,False,False,True,True,False,True,False,False,False,False
2007,175000,80000,True,False,False,False,True,False,True,False,True,False,False
1998,1000000,35000,False,False,False,True,True,False,False,False,True,False,False
2013,92800,25000,False,False,False,True,True,False,True,False,True,False,False
2014,291000,90000,True,False,False,False,True,False,True,False,False,False,False
2013,92800,25000,False,False,False,True,True,False,True,False,True,False,False
2013,335000,110000,True,False,False,False,True,False,True,False,False,False,True
2013,170000,35000,False,False,False,True,True,False,True,False,False,False,False
2019,295000,10000,False,False,False,True,True,False,True,False,False,False,False
2019,375000,10000,False,False,False,True,True,False,True,False,False,False,False
2012,215000,70000,False,False,False,True,True,False,True,False,True,False,False
2009,150000,110000,True,False,False,False,True,False,True,False,True,False,False
2003,60000,5000,False,False,False,True,True,False,True,False,True,False,False
2006,52000,120000,False,False,False,True,True,False,True,False,False,False,True
2009,80000,90000,False,False,True,False,True,False,True,False,True,False,False
2012,140000,70000,False,False,False,True,True,False,True,False,True,False,False
2008,120000,90000,False,False,False,True,True,False,True,False,True,False,False
2006,110000,120000,True,False,False,False,True,False,True,False,False,False,True
2012,280000,110000,True,False,False,False,True,False,True,True,False,False,False
2016,450000,50000,True,False,False,False,True,False,True,False,True,False,False
2018,1150000,58000,True,False,False,False,True,False,True,False,False,False,False
2018,650000,15000,True,False,False,False,True,False,True,False,False,False,False
2015,300000,60000,False,False,False,True,True,False,True,False,True,False,False
2015,73000,57000,False,False,False,True,True,False,True,False,False,False,False
2015,400000,87000,True,False,False,False,True,False,True,False,False,False,True
2017,300000,70000,False,False,False,True,True,False,True,False,False,False,False
2012,300000,30000,False,False,False,True,True,False,False,False,True,False,False
2012,450000,80000,True,False,False,False,True,False,True,False,False,False,False
2009,200000,100000,False,False,False,True,True,False,True,False,True,False,False
2019,580000,40000,False,False,False,True,True,False,True,False,False,False,False
2017,550000,3917,False,False,False,True,True,False,True,False,False,False,False
2007,190000,160000,True,False,False,False,True,False,True,False,True,False,False
2017,450000,35000,True,False,False,False,True,False,True,False,False,False,False
2014,220000,70000,False,False,False,True,True,False,True,False,False,False,False
2012,310000,69069,False,False,False,True,False,False,True,False,False,False,False
2019,650000,13500,False,False,False,True,True,False,True,False,False,False,False
2014,300000,59059,False,False,False,True,False,False,True,False,False,False,False
2013,200000,70000,False,False,False,True,True,False,True,False,False,False,False
2012,285000,39039,False,False,False,True,False,False,True,False,False,False,False
2014,335000,33033,False,False,False,True,False,False,True,False,False,False,False
2011,370000,55168,False,False,False,True,True,False,True,False,True,False,False
2013,375000,41041,False,False,False,True,False,False,True,False,False,False,False
2009,235000,67067,False,False,False,True,False,False,True,False,False,False,False
2013,345000,66066,False,False,False,True,False,False,False,False,False,False,False
2013,365000,82082,True,False,False,False,False,False,True,False,False,False,False
2014,400000,48000,False,False,False,True,True,False,True,False,False,False,False
2015,250000,30000,False,False,False,True,True,False,True,False,False,False,False
2012,465000,70070,True,False,False,False,False,False,False,False,False,False,False
2017,300000,10000,False,False,False,True,True,False,True,False,False,False,False
2018,655000,25000,False,False,False,True,True,False,True,False,False,False,False
2016,350000,30000,False,False,False,False,True,False,True,False,True,False,False
2015,500000,50000,False,False,False,True,False,False,False,False,False,False,False
2015,465000,63063,False,False,False,True,False,False,False,False,False,False,False
2008,263000,70000,True,False,False,False,True,False,True,False,False,False,False
2012,250000,90000,False,False,False,True,True,False,True,False,False,False,False
1999,60000,90000,False,False,False,True,True,False,True,True,False,False,False
2005,70000,90000,False,False,False,True,True,False,True,False,False,False,True
2016,250000,30000,False,False,False,True,True,False,True,False,False,False,False
2016,229999,80000,False,False,False,True,True,False,True,False,False,False,False
2011,195000,120000,True,False,False,False,True,False,True,False,False,False,False
2016,270000,22000,False,False,False,True,True,False,True,False,False,False,False
2017,650000,140000,True,False,False,False,True,False,True,False,False,False,False
2014,370000,80000,True,False,False,False,True,False,True,False,True,False,False
2016,509999,40000,True,False,False,False,True,False,True,False,False,False,False
2011,280000,33000,False,False,False,True,True,False,True,False,False,False,False
2010,180000,40000,False,False,False,True,True,False,True,False,False,False,False
2018,300000,10500,False,False,False,True,True,False,True,False,False,False,False
2013,400000,107000,True,False,False,False,True,False,True,False,False,False,False
2010,210000,60000,False,False,False,True,True,False,True,False,True,False,False
2006,90000,120000,False,False,False,True,True,False,True,False,True,False,False
2010,222000,70000,False,False,False,True,True,False,True,False,False,False,False
2015,240000,50000,False,False,False,True,True,False,True,False,True,False,False
2013,450000,70000,True,False,False,False,True,False,True,False,True,False,False
2017,650000,6000,False,False,False,True,True,False,True,False,False,False,False
2010,200000,78000,True,False,False,False,False,False,True,False,True,False,False
2011,210000,72000,True,False,False,False,False,False,True,False,False,False,True
2011,75000,9528,False,False,False,True,False,False,True,False,False,False,False
2011,450000,135200,True,False,False,False,False,False,True,False,False,False,False
2011,220000,58000,False,False,False,True,False,False,True,False,True,False,False
2013,325000,78000,True,False,False,False,False,False,True,False,True,False,False
2018,450000,45000,False,False,False,True,True,False,True,False,False,False,False
2017,825000,35000,True,False,False,False,True,False,True,False,False,False,False
2007,125000,76000,False,False,False,True,False,False,True,False,False,False,True
2015,434999,100000,True,False,False,False,True,False,True,False,False,False,True
2011,484999,99000,True,False,False,False,True,False,True,False,True,False,False
2009,175000,80000,True,False,False,False,True,False,True,False,False,False,True
2006,220000,120000,False,False,False,True,True,False,True,False,False,False,True
2020,1250000,1100,False,False,False,True,False,False,True,False,False,False,False
2017,215000,34000,False,False,False,True,False,False,True,False,False,False,False
2014,625000,68000,True,False,False,False,False,False,True,False,False,False,False
2018,615000,15000,True,False,False,False,True,False,True,False,False,False,False
2012,130000,58000,True,False,False,False,False,False,True,False,False,False,False
2013,175000,50300,True,False,False,False,True,False,True,False,False,False,False
2011,150000,70000,True,False,False,False,True,False,True,False,True,False,False
2011,195000,60000,True,False,False,False,True,False,True,False,False,False,True
2020,550000,90000,True,False,False,False,True,False,True,False,False,False,False
2018,1500000,40000,True,False,False,False,True,False,True,False,False,False,False
2010,400000,80000,False,False,False,True,True,False,True,False,True,False,False
2019,1350000,15000,True,False,False,False,True,False,True,False,False,False,False
2015,217000,45000,False,False,False,True,True,False,True,False,False,False,False
2011,290000,130000,True,False,False,False,True,False,True,False,True,False,False
2018,700000,80000,True,False,False,False,True,False,True,False,False,False,False
2014,175000,40000,False,False,False,True,True,False,True,False,False,False,False
2017,575000,80000,True,False,False,False,True,False,True,False,False,False,False
2016,380000,100000,True,False,False,False,True,False,True,False,True,False,False
2013,350000,151624,True,False,False,False,True,False,True,False,True,False,False
2012,450000,160000,True,False,False,False,True,False,True,False,False,False,False
2005,130000,110000,False,False,False,False,True,False,True,False,True,False,False
2015,320000,74820,True,False,False,False,True,False,True,False,False,False,False
2014,550000,82000,True,False,False,False,True,False,True,False,False,False,False
2015,370000,50000,False,False,False,True,True,False,True,False,True,False,False
2010,114999,70000,False,False,False,True,True,False,True,False,True,False,False
2020,1100000,1000,False,False,False,True,True,False,True,False,False,False,False
2006,170000,170000,True,False,False,False,True,False,True,False,False,False,False
2008,80000,150000,True,False,False,False,True,False,True,False,False,False,True
2019,950000,17000,True,False,False,False,True,False,True,False,False,False,False
2014,425000,150000,True,False,False,False,True,False,True,False,False,False,False
2015,500000,80000,True,False,False,False,True,False,True,False,False,False,False
2005,70000,170000,False,False,False,True,True,False,True,False,False,False,True
2013,349000,120000,True,False,False,False,True,False,True,False,False,False,False
2012,330000,90000,False,False,False,True,True,False,True,False,False,False,True
2010,120000,90000,False,False,False,True,True,False,True,False,False,False,True
2013,430000,100000,True,False,False,False,True,False,True,False,True,False,False
2014,390000,90000,True,False,False,False,True,False,True,False,False,False,False
2012,225000,129000,True,False,False,False,True,False,True,False,False,False,False
2010,350000,186000,True,False,False,False,True,False,False,False,True,False,False
2009,100000,66778,True,False,False,False,True,False,True,False,False,False,False
2014,190000,50000,False,False,False,True,True,False,True,False,False,False,False
2014,315000,110000,True,False,False,False,True,False,True,False,True,False,False
2015,300000,60000,True,False,False,False,True,False,True,False,True,False,False
2016,280000,40000,False,False,False,True,True,False,True,False,False,False,False
2017,1650000,55000,True,False,False,False,False,False,True,False,False,False,False
2015,295000,21000,False,False,False,True,False,False,True,False,True,False,False
2012,2050000,66363,False,False,False,True,False,False,False,False,True,False,False
2018,1475000,11700,False,False,False,True,False,False,False,False,False,False,False
2017,1100000,10000,False,False,False,True,True,False,False,False,False,False,False
2014,4400000,100000,True,False,False,False,True,False,False,False,True,False,False
2016,670000,7104,False,False,False,True,False,True,True,False,False,False,False
2015,750000,45974,True,False,False,False,False,True,True,False,False,False,False
2015,760000,55340,False,False,False,True,False,True,True,False,False,False,False
2017,850000,20000,False,False,False,True,False,False,False,False,True,False,False
2015,390000,61585,True,False,False,False,False,True,True,False,False,False,False
2016,450000,39415,False,False,False,True,False,True,False,False,True,False,False
2014,425000,29654,False,False,False,True,False,True,True,False,False,False,False
2016,770000,64672,True,False,False,False,False,True,True,False,False,False,False
2015,1150000,54634,True,False,False,False,False,True,False,False,True,False,False
2015,775000,66521,False,False,False,True,False,True,True,False,False,False,False
2019,720000,3000,False,False,False,True,True,False,False,False,False,False,False
2018,1725000,23974,True,False,False,False,False,False,False,False,True,False,False
2018,539000,10000,False,False,False,True,True,False,True,False,False,False,False
2017,420000,50000,False,False,False,True,True,False,True,False,False,False,False
2001,85000,70000,False,False,False,True,True,False,True,False,False,False,True
2004,142000,73000,False,False,False,True,True,False,True,True,False,False,False
2014,180000,76000,False,False,False,True,True,False,True,False,True,False,False
2014,400000,120000,True,False,False,False,True,False,True,False,True,False,False
2009,360000,170000,True,False,False,False,True,False,False,False,False,False,True
2003,85000,110000,False,False,False,True,True,False,True,False,True,False,False
2016,350000,63400,False,False,False,True,True,False,True,False,False,False,False
2015,380000,25000,False,False,False,True,True,False,True,False,False,False,False
2009,140000,80000,False,False,False,True,True,False,True,False,False,False,True
2012,200000,90000,False,False,False,True,True,False,True,False,False,False,False
2011,150000,157000,False,False,False,True,True,False,True,False,False,False,False
2012,150000,80000,True,False,False,False,True,False,True,False,True,False,False
2006,90000,40000,False,False,False,True,True,False,True,False,True,False,False
2007,300000,100000,True,False,False,False,True,False,True,False,True,False,False
2017,280000,50000,False,False,False,True,True,False,True,False,False,False,False
2011,200000,40000,False,False,False,True,True,False,True,False,False,False,False
2009,110000,38500,False,False,False,True,True,False,True,False,True,False,False
2008,140000,103921,False,False,False,True,True,False,True,False,True,False,False
2020,1050000,10000,True,False,False,False,True,False,True,False,False,False,False
2018,1150000,14825,False,False,False,True,False,False,True,False,False,False,False
2016,910000,43377,True,False,False,False,False,False,True,False,False,False,False
2010,160000,102307,True,False,False,False,False,False,True,False,False,False,False
2004,105000,79000,False,False,False,True,True,False,True,False,True,False,False
2014,1200000,135000,True,False,False,False,True,False,False,False,False,False,True
2018,300000,10500,False,False,False,True,True,False,True,False,False,False,False
2004,70000,90000,False,False,False,True,True,False,True,True,False,False,False
2012,160000,110000,True,False,False,False,True,False,True,False,False,False,False
2012,160000,50000,True,False,False,False,True,False,True,False,False,False,False
2013,225000,80000,True,False,False,False,True,False,True,False,False,False,False
2018,790000,19571,True,False,False,False,False,False,True,False,False,False,False
2002,145000,100000,False,False,False,True,True,False,True,False,False,False,False
2018,1200000,29600,False,False,False,True,False,False,True,False,False,False,False
2018,930000,20000,True,False,False,False,True,False,True,False,False,False,False
2016,210000,30000,False,False,False,True,True,False,True,False,False,False,False
2008,110000,154000,True,False,False,False,True,False,True,False,False,False,True
2011,175000,70000,False,False,False,True,True,False,True,False,False,False,False
2018,950000,15000,True,False,False,False,True,False,False,False,False,False,False
2017,650000,40000,True,False,False,False,True,False,True,False,False,False,False
2019,550000,51000,False,False,False,True,True,False,True,False,False,False,False
2008,85000,120000,False,False,False,True,True,False,True,False,True,False,False
2019,340000,50000,False,False,False,True,True,False,True,False,False,False,False
2017,825000,13500,True,False,False,False,True,False,True,False,False,False,False
2016,509999,35000,False,False,False,True,True,False,True,False,False,False,False
2013,450000,1000,True,False,False,False,False,False,True,False,True,False,False
2018,3800000,10000,True,False,False,False,False,False,False,False,False,False,False
2013,1580000,86000,True,False,False,False,False,False,False,False,False,False,False
2019,4950000,30000,True,False,False,False,False,False,False,False,False,False,False
2016,535000,52600,True,False,False,False,True,False,True,False,False,False,False
2012,225000,110000,False,False,False,True,True,False,True,False,True,False,False
2017,550000,19890,False,False,False,True,False,False,False,False,False,False,False
2016,670000,7104,False,False,False,True,False,True,True,False,False,False,False
2015,625000,11918,False,False,False,True,False,True,True,False,False,False,False
2017,520000,10510,False,False,False,True,False,False,False,False,False,False,False
2016,239000,41000,False,False,False,True,False,False,True,False,False,False,False
2017,2600000,47162,True,False,False,False,False,True,False,False,False,False,False
2015,750000,45974,True,False,False,False,False,True,True,False,False,False,False
2012,229999,49824,False,False,False,True,False,False,True,False,False,False,False
2013,1300000,58500,True,False,False,False,False,False,False,False,False,False,False
2005,80000,56580,False,False,False,True,False,False,True,False,False,False,False
2012,385000,52000,True,False,False,False,False,False,True,False,False,False,False
2015,760000,55340,False,False,False,True,False,True,True,False,False,False,False
2017,600000,46507,True,False,False,False,False,True,True,False,False,False,False
2013,450000,1000,True,False,False,False,False,False,True,False,True,False,False
2018,3800000,10000,True,False,False,False,False,False,False,False,False,False,False
2013,1580000,86000,True,False,False,False,False,False,False,False,False,False,False
2019,4950000,30000,True,False,False,False,False,False,False,False,False,False,False
2016,535000,52600,True,False,False,False,True,False,True,False,False,False,False
2012,225000,110000,False,False,False,True,True,False,True,False,True,False,False
2017,550000,19890,False,False,False,True,False,False,False,False,False,False,False
2016,670000,7104,False,False,False,True,False,True,True,False,False,False,False
2015,625000,11918,False,False,False,True,False,True,True,False,False,False,False
2017,520000,10510,False,False,False,True,False,False,False,False,False,False,False
2016,239000,41000,False,False,False,True,False,False,True,False,False,False,False
2017,2600000,47162,True,False,False,False,False,True,False,False,False,False,False
2015,750000,45974,True,False,False,False,False,True,True,False,False,False,False
2012,229999,49824,False,False,False,True,False,False,True,False,False,False,False
2013,1300000,58500,True,False,False,False,False,False,False,False,False,False,False
2005,80000,56580,False,False,False,True,False,False,True,False,False,False,False
2012,385000,52000,True,False,False,False,False,False,True,False,False,False,False
2015,760000,55340,False,False,False,True,False,True,True,False,False,False,False
2017,600000,46507,True,False,False,False,False,True,True,False,False,False,False
2017,650000,70000,True,False,False,False,True,False,True,False,False,False,False
2011,140000,60000,False,False,False,True,True,False,True,False,True,False,False
2011,150000,70000,False,False,False,True,True,False,True,False,False,False,False
2018,450000,10000,False,False,False,True,True,False,True,False,True,False,False
2006,170000,245244,True,False,False,False,True,False,True,True,False,False,False
2017,400000,60000,False,False,False,True,True,False,True,False,False,False,False
2016,300000,30000,False,False,False,True,True,False,True,False,False,False,False
2012,250000,8000,False,False,False,True,True,False,True,False,False,False,False
2019,500000,10000,False,False,False,True,True,False,True,False,False,False,False
2002,85000,100000,True,False,False,False,True,False,True,False,False,False,True
2012,300000,110000,True,False,False,False,True,False,True,False,False,False,False
2005,80000,56580,False,False,False,True,False,False,True,False,False,False,False
2015,740000,45000,True,False,False,False,False,False,False,False,False,False,False
2005,70000,68500,False,False,False,True,False,False,True,False,False,False,False
2019,484999,5007,False,False,False,True,False,False,False,False,False,False,False
2013,164000,30000,False,False,False,True,True,False,True,False,False,False,False
2008,140000,70000,False,False,False,True,True,False,False,False,False,False,False
2011,999000,49600,True,False,False,False,False,False,False,False,False,False,False
2005,56000,23000,False,False,False,True,True,False,True,False,True,False,False
2006,1050000,30000,True,False,False,False,False,False,False,False,False,False,False
2010,190000,38000,False,False,False,True,False,False,True,False,False,False,False
2018,3899000,22000,True,False,False,False,False,False,False,False,False,False,False
2011,235000,43100,False,False,False,True,False,False,True,False,False,False,False
2017,350000,10171,False,False,False,True,False,False,True,False,False,False,False
2015,465000,41123,True,False,False,False,False,False,True,False,False,False,False
2017,1900000,20118,False,False,False,True,False,False,False,False,False,False,False
2014,450000,40000,True,False,False,False,False,False,True,False,False,False,False
2015,790000,52517,True,False,False,False,False,False,True,False,False,False,False
2019,900000,20000,True,False,False,False,True,False,True,False,False,False,False
2014,450000,99117,True,False,False,False,False,False,True,False,False,False,False
2009,135000,90000,False,False,False,True,True,False,True,False,False,False,False
2019,425000,3700,False,False,False,True,True,False,True,False,False,False,False
2010,100000,80000,True,False,False,False,True,False,True,False,False,False,False
2015,650000,100000,True,False,False,False,True,False,True,False,True,False,False
2011,90000,54000,True,False,False,False,True,False,True,False,False,False,False
2017,250000,19000,False,False,False,True,True,False,True,False,False,False,False
2014,300000,120000,True,False,False,False,True,False,True,False,False,False,False
2014,275000,30000,False,False,False,True,True,False,True,False,False,False,False
2017,600000,43500,False,False,False,True,True,False,True,False,False,False,False
2016,270000,60000,False,False,False,True,True,False,True,False,True,False,False
2016,240000,70000,False,False,False,True,True,False,True,False,True,False,False
2014,1200000,135000,True,False,False,False,True,False,False,False,False,False,True
2012,160000,50000,True,False,False,False,True,False,True,False,False,False,False
2018,790000,19571,True,False,False,False,False,False,True,False,False,False,False
2018,1200000,29600,False,False,False,True,False,False,True,False,False,False,False
2011,175000,70000,False,False,False,True,True,False,True,False,False,False,False
2018,950000,15000,True,False,False,False,True,False,False,False,False,False,False
2019,340000,50000,False,False,False,True,True,False,True,False,False,False,False
2017,825000,13500,True,False,False,False,True,False,True,False,False,False,False
2018,3100000,22000,False,False,False,True,True,False,False,False,False,False,False
2018,780000,25000,True,False,False,False,False,False,True,False,False,False,False
2010,350000,80000,False,False,False,True,True,False,False,False,False,False,True
2018,690000,39000,False,False,False,True,False,False,True,False,False,False,False
2016,245000,60000,False,False,False,True,True,False,True,False,False,False,False
2018,790000,49000,True,False,False,False,False,False,True,False,False,False,False
2018,680000,48600,False,False,False,True,False,False,True,False,False,False,False
2017,540000,20000,False,False,False,True,True,False,True,False,True,False,False
2016,425000,25000,False,False,False,True,True,False,True,False,False,False,False
2008,140000,120000,False,False,False,True,True,False,True,False,False,False,False
2019,1100000,30000,True,False,False,False,True,False,True,False,False,False,False
2015,715000,35000,True,False,False,False,True,False,True,False,False,False,False
2013,370000,90000,False,False,False,True,True,False,True,False,False,False,False
2007,175000,80000,True,False,False,False,True,False,True,False,True,False,False
1998,1000000,35000,False,False,False,True,True,False,False,False,True,False,False
2013,92800,25000,False,False,False,True,True,False,True,False,True,False,False
2014,291000,90000,True,False,False,False,True,False,True,False,False,False,False
2013,92800,25000,False,False,False,True,True,False,True,False,True,False,False
2016,350000,20000,False,False,False,True,True,False,True,False,False,False,False
1998,65000,60000,False,False,False,True,False,False,True,False,False,False,True
2015,650000,58000,True,False,False,False,True,False,True,False,False,False,False
2014,350000,40000,False,False,False,True,False,False,True,False,False,False,False
2005,75000,70000,False,False,False,True,True,False,True,False,True,False,False
2012,440000,70000,True,False,False,False,False,False,True,False,False,False,False
2013,270000,60000,False,False,False,True,True,False,True,False,False,False,False
2014,1150000,135000,True,False,False,False,False,False,True,False,False,False,False
2015,238000,70000,False,False,False,True,False,False,True,False,False,False,False
2013,1100000,40000,False,False,False,True,True,False,False,False,True,False,False
2015,1200000,75000,True,False,False,False,False,False,True,False,True,False,False
2010,260000,150000,True,False,False,False,True,False,True,False,False,False,False
2012,350000,140000,True,False,False,False,True,False,True,False,False,False,True
2015,480000,70000,True,False,False,False,True,False,True,False,False,False,False
2012,345000,137250,True,False,False,False,True,False,True,False,True,False,False
2013,500000,110000,True,False,False,False,True,False,True,False,True,False,False
2017,595000,27000,False,False,False,True,False,False,True,False,False,False,False
2019,1295000,9000,True,False,False,False,False,False,True,False,False,False,False
2019,1350000,5400,True,False,False,False,False,False,True,False,False,True,False
2020,541000,1000,False,False,False,True,False,False,True,False,False,True,False
2018,515000,16000,False,False,False,True,False,False,True,False,False,False,False
2019,894999,13000,True,False,False,False,False,False,True,False,False,True,False
2012,325000,47000,True,False,False,False,False,False,True,False,False,False,False
2018,925000,22000,False,False,False,True,True,False,True,False,False,False,False
2017,844999,30000,False,False,False,True,True,False,True,False,False,False,False
2018,925000,20000,False,False,False,True,True,False,True,False,False,False,False
2013,300000,60000,True,False,False,False,True,False,True,False,False,False,False
2008,650000,75000,False,False,False,True,True,False,True,False,True,False,False
2010,175000,64000,False,False,False,True,False,False,True,False,False,False,False
2015,325000,80000,True,False,False,False,True,False,True,False,False,False,False
2017,600000,90000,True,False,False,False,True,False,True,False,False,False,False
2018,700000,30000,False,False,False,True,True,False,True,False,False,False,False
2003,95000,120000,False,False,False,True,True,False,False,False,True,False,False
2019,490000,20000,False,False,False,True,False,False,True,False,False,False,False
2013,380000,100000,True,False,False,False,True,False,True,False,False,False,False
2018,550000,31000,False,False,False,True,False,False,True,False,False,False,False
2013,225000,47000,False,False,False,True,False,False,True,False,False,False,False
2018,570000,11200,False,False,False,True,True,False,True,False,False,False,False
2018,305000,35000,False,False,False,True,False,False,True,False,False,False,False
2010,240000,50000,False,False,True,False,False,False,True,False,False,False,False
2015,700000,55000,True,False,False,False,False,False,True,False,False,False,False
2018,288000,20000,False,False,False,True,False,False,True,False,False,False,False
2017,800000,75000,True,False,False,False,False,False,True,False,False,False,False
2017,430000,93000,False,False,False,True,False,False,True,False,False,False,False
2009,195000,57000,True,False,False,False,False,False,True,False,True,False,False
2014,325000,30000,False,False,False,True,False,False,True,False,False,False,False
2013,450000,73000,True,False,False,False,False,False,True,False,False,False,False
2016,630000,65000,True,False,False,False,False,False,True,False,False,False,False
2009,250000,62000,False,False,False,True,False,False,True,False,True,False,False
2007,135000,85000,False,False,False,True,False,False,True,False,False,False,False
2010,110000,73000,False,False,False,True,True,False,True,False,False,False,False
2012,350000,55000,True,False,False,False,False,False,True,False,False,False,False
2016,240000,5800,False,False,False,True,True,False,True,False,True,False,False
2009,350000,350000,True,False,False,False,True,False,True,False,False,False,False
2018,600000,30000,False,False,False,True,True,False,True,False,False,False,False
2018,750000,20000,True,False,False,False,True,False,True,False,False,False,False
2018,270000,20000,False,False,False,True,True,False,True,False,False,False,False
2007,90000,100000,False,False,False,True,True,False,True,False,True,False,False
2013,350000,65000,False,False,False,True,True,False,True,False,False,False,False
2013,285000,90000,True,False,False,False,True,False,True,False,True,False,False
2011,665000,267000,True,False,False,False,True,False,True,False,True,False,False
2005,175000,250000,True,False,False,False,True,False,True,False,True,False,False
2011,350000,140000,True,False,False,False,True,False,True,False,True,False,False
2018,1225000,22000,False,False,False,True,False,False,False,False,False,False,False
2010,285000,60000,False,False,False,True,False,False,True,False,True,False,False
2018,1000000,28635,False,False,False,True,False,False,True,False,False,False,False
2018,780000,32114,True,False,False,False,False,False,True,False,False,False,False
2014,300000,82000,False,False,False,True,False,False,True,False,True,False,False
2006,160000,95149,False,False,False,True,False,False,True,False,True,False,False
2018,625000,68458,False,False,False,True,False,False,True,False,False,False,False
2010,265000,42000,False,False,False,True,True,False,True,False,False,False,False
2014,515000,90000,True,False,False,False,True,False,True,False,True,False,False
2016,210000,30000,False,False,False,True,True,False,True,False,False,False,False
2009,140000,80000,False,False,False,True,True,False,True,False,True,False,False
2015,940000,128000,True,False,False,False,True,False,True,False,False,False,False
2013,750000,80000,True,False,False,False,True,False,True,False,False,False,False
2016,610000,100000,True,False,False,False,True,False,True,False,False,False,False
2015,450000,50000,True,False,False,False,True,False,True,False,False,False,False
2012,409999,56000,True,False,False,False,True,False,True,False,False,False,False
2018,100000,21302,False,False,False,True,True,False,True,False,False,False,False
2016,650000,100000,True,False,False,False,True,False,True,False,False,False,False
2017,650000,80000,True,False,False,False,True,False,True,False,False,False,False
2010,150000,105546,False,False,False,True,True,False,True,False,False,False,False
2018,500000,10000,False,False,False,True,True,False,True,False,False,False,False
2012,1000000,80000,True,False,False,False,True,False,True,False,True,False,False
2013,340000,35000,False,False,False,True,True,False,True,False,False,False,False
2019,800000,11240,False,False,False,True,True,False,True,False,False,False,False
2013,1010000,120000,True,False,False,False,True,False,True,False,False,False,False
2011,350000,120000,True,False,False,False,True,False,True,False,False,False,True
2016,595000,70000,True,False,False,False,True,False,True,False,False,False,False
2014,700000,130000,True,False,False,False,True,False,True,False,False,False,True
2019,265000,40000,False,False,False,True,True,False,True,False,False,False,False
2015,320000,60000,False,False,False,True,True,False,True,False,True,False,False
2011,310000,110000,False,False,False,True,True,False,True,False,False,False,False
2014,700000,130000,True,False,False,False,True,False,True,False,False,False,False
2009,130000,80000,False,False,False,True,True,False,True,False,True,False,False
2009,150000,120000,True,False,False,False,True,False,True,False,True,False,False
2015,300000,104000,True,False,False,False,True,False,True,False,True,False,False
2011,150000,100000,False,False,False,True,True,False,True,False,True,False,False
2003,120000,132343,False,False,False,True,True,False,True,False,True,False,False
2016,950000,90000,True,False,False,False,True,False,True,False,True,False,False
2007,100000,60000,False,False,False,True,True,False,True,False,True,False,False
2015,450000,76000,True,False,False,False,True,False,True,False,False,False,False
2004,30000,60000,False,False,False,True,True,False,True,False,False,False,True
2009,200000,30000,False,False,False,True,True,False,True,False,True,False,False
2010,250000,96000,True,False,False,False,True,False,True,False,True,False,False
2018,1300000,10000,True,False,False,False,True,False,True,False,False,False,False
2017,425000,36000,True,False,False,False,False,False,True,False,False,False,False
2017,550000,12997,True,False,False,False,False,False,True,False,False,False,False
2017,500000,40000,False,False,False,True,True,False,False,False,False,False,False
2018,1150000,26430,True,False,False,False,False,False,True,False,False,False,False
2015,475000,24600,False,False,False,True,False,False,True,False,False,False,False
2011,260000,28481,False,False,False,True,False,False,True,False,False,False,False
2013,350000,100000,False,False,False,True,True,False,True,False,False,False,False
2013,750000,41988,True,False,False,False,False,False,True,False,False,False,False
2009,180000,30375,False,False,False,True,False,False,True,False,False,False,False
2017,350000,7658,False,False,False,True,False,False,False,False,False,False,False
2017,611000,34400,True,False,False,False,False,False,True,False,False,False,False
2017,325000,18500,False,False,False,True,False,False,True,False,False,False,False
2015,280000,26134,False,False,False,True,False,False,True,False,False,False,False
2014,300000,28942,False,False,False,True,False,False,False,False,False,False,False
2012,711000,53600,True,False,False,False,False,False,True,False,False,False,False
2015,851000,53652,True,False,False,False,False,False,True,False,False,False,False
2011,260000,52895,True,False,False,False,False,False,True,False,False,False,False
2013,550000,42324,True,False,False,False,False,False,True,False,True,False,False
2016,1044999,65000,True,False,False,False,False,False,True,False,False,False,False
2012,550000,60236,True,False,False,False,False,False,True,False,False,False,False
2014,210000,70000,False,False,False,True,True,False,True,False,True,False,False
2014,210000,70000,False,False,False,True,True,False,True,False,False,False,True
2009,290000,100000,True,False,False,False,True,False,True,False,True,False,False
2008,250999,110000,True,False,False,False,True,False,True,False,False,False,False
2019,600000,10300,False,False,False,True,True,False,True,False,False,False,False
2014,270000,120000,True,False,False,False,True,False,True,False,True,False,False
2012,550000,142000,True,False,False,False,True,False,True,False,False,False,False
2017,800000,25000,True,False,False,False,True,False,True,False,False,False,False
2020,500000,5000,False,False,False,True,True,False,True,False,False,False,False
2016,535000,52600,True,False,False,False,True,False,True,False,False,False,False
2016,396000,28643,False,False,False,True,False,False,True,False,False,False,False
2014,600000,50000,True,False,False,False,True,False,True,False,False,False,False
2019,575000,30000,False,False,False,True,False,False,True,False,False,False,False
2020,520000,5000,False,False,False,True,True,False,True,False,False,False,False
2018,1400000,30000,True,False,False,False,True,False,False,False,False,False,False
2018,600000,7600,False,False,False,True,True,False,False,False,False,False,False
2013,195000,47253,True,False,False,False,False,False,True,False,False,False,False
2015,281000,4432,False,False,False,True,False,False,False,False,True,False,False
2010,75000,110000,False,False,False,True,True,False,True,False,True,False,False
2014,400000,25000,False,False,False,True,True,False,True,False,False,False,False
2009,93000,70000,True,False,False,False,True,False,True,False,True,False,False
2016,560000,68523,False,False,False,True,False,False,True,False,False,False,False
2019,400000,5000,False,False,False,True,True,False,True,False,False,False,False
2018,459999,40000,False,False,False,True,True,False,True,False,False,False,False
2017,450000,43000,True,False,False,False,True,False,True,False,False,False,False
2010,88000,80251,False,False,False,False,False,False,True,False,True,False,False
2010,250000,34500,False,False,False,True,True,False,True,False,True,False,False
2000,22000,42743,False,False,False,True,False,False,True,False,False,False,True
2013,130000,93900,True,False,False,False,True,False,True,False,True,False,False
2004,79000,80000,False,False,False,True,True,False,True,False,False,False,False
2012,120000,110000,True,False,False,False,True,False,True,False,False,False,False
2011,1700000,100000,True,False,False,False,True,False,False,False,True,False,False
2012,300000,25000,True,False,False,False,True,False,True,False,False,False,False
2012,300000,25000,True,False,False,False,True,False,True,False,False,False,False
2009,145000,25000,False,False,False,True,True,False,True,False,False,False,False
2019,3200000,20000,True,False,False,False,True,False,False,False,False,False,False
2013,240000,10000,False,False,False,True,True,False,True,False,False,False,False
2018,700000,30000,True,False,False,False,True,False,True,False,False,False,False
2010,145000,110000,False,False,False,True,True,False,True,False,True,False,False
2014,535000,80000,True,False,False,False,True,False,True,False,True,False,False
2016,420000,21000,False,False,False,True,True,False,True,False,False,False,False
2016,350000,20000,False,False,False,True,True,False,True,False,False,False,False
2015,550000,32000,True,False,False,False,True,False,True,False,False,False,False
2007,750000,180000,True,False,False,False,True,False,True,False,False,False,False
2012,198000,70000,True,False,False,False,True,False,True,False,True,False,False
2013,420000,50000,True,False,False,False,True,False,True,False,False,False,False
2013,420000,50000,True,False,False,False,True,False,True,False,False,False,False
2004,195000,120000,True,False,False,False,True,False,True,False,False,False,False
2012,150000,55766,False,False,False,True,True,False,True,False,True,False,False
2011,275000,40000,False,False,False,True,True,False,True,False,True,False,False
2001,65000,60000,False,False,False,True,True,False,True,False,False,False,True
2008,200000,50000,False,False,False,True,True,False,True,False,False,False,False
2010,250000,110000,True,False,False,False,True,False,True,False,True,False,False
2013,450000,1000,True,False,False,False,False,False,True,False,True,False,False
2018,590000,26350,True,False,False,False,False,False,True,False,False,False,False
2012,225000,110000,False,False,False,True,True,False,True,False,True,False,False
2015,225000,68745,True,False,False,False,False,False,True,False,False,False,False
2006,165000,132000,False,False,False,True,True,False,True,False,False,False,False
2019,860000,35000,True,False,False,False,True,False,True,False,False,False,False
2016,900000,47000,True,False,False,False,True,False,True,False,False,False,False
2013,182000,100000,True,False,False,False,True,False,True,False,False,False,False
2010,100000,80000,True,False,False,False,True,False,True,False,False,False,False
2006,100000,40000,False,False,False,True,True,False,True,False,True,False,False
2017,375000,27289,False,False,False,True,False,False,False,False,False,False,False
2018,525000,10980,False,False,False,True,False,False,False,False,False,False,False
2016,320000,24662,False,False,False,True,False,False,True,False,False,False,False
2013,525000,37000,True,False,False,False,False,False,True,False,False,False,False
2014,650000,28245,True,False,False,False,False,False,True,False,False,False,False
2017,575000,27005,True,False,False,False,False,False,True,False,False,False,False
2014,355000,39227,False,False,False,True,False,False,True,False,False,False,False
2016,470000,31367,True,False,False,False,False,False,True,False,False,False,False
2008,221000,35008,False,False,False,True,False,False,True,False,False,False,False
2009,195000,27005,False,False,False,True,False,False,True,False,False,False,False
2001,85000,86000,False,False,False,True,True,False,True,False,True,False,False
2013,400000,50000,True,False,False,False,True,False,True,False,False,False,False
2017,650000,20000,True,False,False,False,True,False,True,False,False,False,False
2010,400000,50000,False,False,False,True,True,False,True,False,False,False,False
2012,295000,80000,True,False,False,False,True,False,True,False,True,False,False
2006,60000,135000,False,False,True,False,True,False,True,True,False,False,False
2003,110000,120000,True,False,False,False,True,False,True,False,False,False,True
2015,550000,113600,True,False,False,False,True,False,True,False,False,False,False
2008,190000,70000,False,False,False,True,True,False,True,False,False,False,True
2018,861999,20000,True,False,False,False,False,False,True,False,False,False,False
2018,782000,14000,False,False,False,True,False,False,True,False,False,False,False
2018,836000,26000,True,False,False,False,False,False,True,False,False,False,False
2016,696000,138925,False,False,False,True,False,False,True,False,False,False,False
2016,596000,121764,True,False,False,False,False,False,True,False,False,False,False
2016,612000,105429,False,False,False,True,False,False,True,False,False,False,False
2015,114999,35000,False,False,False,True,True,False,True,False,False,False,False
2017,340000,60000,True,False,False,False,True,False,True,False,False,False,False
2020,550000,5000,False,False,False,True,True,False,True,False,False,False,False
2008,114999,70000,False,False,False,True,True,False,True,False,False,False,True
2000,105000,80000,False,False,False,True,True,False,True,False,False,False,False
2019,890000,20000,True,False,False,False,True,False,True,False,False,False,False
2019,715000,8000,False,False,False,True,True,False,True,False,False,False,False
2014,525000,54000,False,False,False,True,False,False,True,False,True,False,False
2012,735000,55300,True,False,False,False,False,False,False,False,False,False,False
2016,495000,11958,False,False,False,True,False,False,True,False,False,False,False
2017,1025000,9000,False,False,False,True,False,False,True,False,False,False,False
2015,750000,70000,True,False,False,False,True,False,True,False,False,False,False
2013,600000,120000,True,False,False,False,True,False,True,False,False,False,False
2014,475000,23122,False,False,False,True,False,False,True,False,True,False,False
2007,80000,58000,False,False,False,True,False,False,True,False,True,False,False
2013,325000,62200,True,False,False,False,False,False,True,False,False,False,False
2014,1470000,34000,True,False,False,False,False,False,False,False,True,False,False
2015,350000,53000,True,False,False,False,True,False,True,False,True,False,False
2013,2800000,49000,True,False,False,False,False,False,False,False,False,False,False
2017,210000,15000,False,False,False,True,False,False,True,False,True,False,False
2012,349000,44500,True,False,False,False,False,False,True,False,True,False,False
2013,450000,50000,False,False,False,True,True,False,True,False,False,False,False
2013,1150000,53000,True,False,False,False,False,False,False,False,False,False,False
2009,210000,63500,False,False,False,True,False,False,False,False,False,False,False
2018,4500000,9800,False,False,False,True,False,False,False,False,False,False,False
2017,825000,13599,False,False,False,True,False,False,False,False,False,False,False
2017,2750000,13000,True,False,False,False,True,False,False,False,False,False,False
2012,160000,110000,True,False,False,False,True,False,True,False,False,False,False
2014,550000,100000,True,False,False,False,True,False,True,False,True,False,False
2006,95000,110000,False,False,False,True,True,False,True,False,False,False,True
2014,725000,90000,True,False,False,False,True,False,True,False,True,False,False
2019,670000,17000,False,False,False,True,True,False,True,False,False,False,False
2008,65000,140000,False,False,False,True,True,False,True,False,False,False,False
2015,500000,50000,True,False,False,False,True,False,True,False,True,False,False
2017,600000,53000,False,False,False,True,True,False,True,False,False,False,False
2017,350000,70000,False,False,False,True,True,False,True,False,True,False,False
2012,200000,70000,True,False,False,False,True,False,True,False,True,False,False
2008,110000,154000,True,False,False,False,True,False,True,False,False,False,True
2012,150000,80000,False,False,False,True,True,False,True,False,False,False,False
2003,75000,110000,True,False,False,False,True,False,True,False,True,False,False
2013,350000,90000,True,False,False,False,True,False,True,False,True,False,False
2018,1700000,15000,True,False,False,False,True,False,True,False,False,False,False
2011,890000,86000,True,False,False,False,True,False,False,False,True,False,False
2014,500000,120000,True,False,False,False,True,False,True,False,False,False,False
2019,600000,5200,False,False,False,True,True,False,True,False,False,False,False
2010,99000,60000,False,False,False,True,True,False,True,False,True,False,False
2011,235000,46000,False,False,False,True,True,False,True,False,False,False,False
2006,75000,40000,False,False,False,True,True,False,True,False,True,False,False
2014,600000,90000,True,False,False,False,True,False,True,False,True,False,False
2019,1000000,25000,True,False,False,False,True,False,True,False,True,False,False
2012,390000,90000,True,False,False,False,True,False,True,False,False,False,False
2015,600000,70000,True,False,False,False,True,False,True,False,False,False,False
2017,600000,70000,False,False,False,True,True,False,True,False,True,False,False
2019,730000,35000,True,False,False,False,True,False,True,False,True,False,False
2017,450000,12700,False,False,False,True,True,False,False,False,False,False,False
2011,250000,80000,True,False,False,False,True,False,True,False,False,False,False
2018,1400000,20000,True,False,False,False,True,False,True,False,False,False,False
2018,300000,20000,False,False,False,True,True,False,True,False,False,False,False
2017,800000,19000,False,False,False,True,True,False,True,False,False,False,False
2009,125000,95000,True,False,False,False,True,False,True,False,True,False,False
2019,2600000,9500,True,False,False,False,True,False,False,False,False,False,False
2012,300000,50000,False,False,False,True,True,False,True,False,False,False,False
2012,295000,90000,True,False,False,False,True,False,True,False,False,False,False
2013,650000,45839,False,False,False,True,False,False,True,False,False,False,False
2010,200000,74510,False,False,False,True,False,False,True,False,False,False,False
2009,130000,87293,False,False,False,True,False,False,True,False,False,False,False
2012,250000,156040,True,False,False,False,False,False,True,False,False,False,False
2004,400000,93415,True,False,False,False,False,False,True,False,False,False,False
2017,430000,101159,False,False,False,True,False,False,True,False,False,False,False
2015,170000,80000,False,False,False,True,True,False,True,False,True,False,False
2019,450000,12000,False,False,False,True,True,False,True,False,False,False,False
2013,350000,90000,False,False,False,True,True,False,True,False,False,False,False
2011,130000,68519,False,False,False,True,False,False,True,False,False,False,False
2012,180000,55130,True,False,False,False,False,False,True,False,False,False,False
2014,475000,65239,False,False,False,True,False,False,True,False,False,False,False
2015,470000,58182,False,False,False,True,False,False,True,False,False,False,False
2012,200000,91245,True,False,False,False,False,False,True,False,False,False,False
2013,650000,102989,True,False,False,False,False,False,True,False,False,False,False
2010,400000,50000,False,False,False,True,True,False,True,False,False,False,False
2000,100000,120000,False,False,False,True,True,False,True,False,False,False,False
2014,409999,90000,True,False,False,False,True,False,True,False,False,False,False
2018,640000,25000,True,False,False,False,True,False,True,False,False,False,False
2007,160000,80000,False,False,False,True,True,False,True,False,True,False,False
2013,182000,100000,True,False,False,False,True,False,True,False,False,False,False
2018,750000,70000,True,False,False,False,True,False,True,False,False,False,False
2002,150000,50000,True,False,False,False,True,False,True,False,False,False,True
2008,80000,100000,False,False,False,True,True,False,True,False,True,False,False
2016,240000,90000,True,False,False,False,True,False,True,False,False,False,True
2005,60000,60000,False,False,False,True,True,False,True,False,False,False,True
2007,70000,120000,False,False,False,True,True,False,True,False,False,False,True
2008,285000,90000,True,False,False,False,True,False,False,False,True,False,False
2015,350000,60000,True,False,False,False,True,False,True,False,True,False,False
2015,699000,30000,True,False,False,False,True,False,True,False,True,False,False
2011,275000,108000,True,False,False,False,True,False,True,False,True,False,False
2012,350000,160000,True,False,False,False,True,False,True,False,True,False,False
2006,135000,90000,False,False,False,True,True,False,True,False,False,False,True
2010,325000,120000,True,False,False,False,True,False,True,False,False,False,True
2012,650000,102000,True,False,False,False,True,False,True,False,True,False,False
2009,300000,178000,True,False,False,False,True,False,True,False,True,False,False
2014,1200000,200000,True,False,False,False,True,False,True,False,True,False,False
2012,450000,60000,False,False,False,True,False,False,True,False,False,False,False
2019,425000,3000,False,False,False,True,True,False,True,False,False,False,False
2006,150000,75118,False,False,False,True,True,False,True,False,True,False,False
2013,290000,140000,True,False,False,False,True,False,True,False,True,False,False
2014,335000,60000,False,False,False,True,True,False,True,False,True,False,False
2006,120000,79000,False,False,False,True,False,False,True,True,False,False,False
2005,20000,25000,False,False,False,True,True,False,True,False,True,False,False
2005,250000,70000,False,False,False,True,True,False,True,False,False,False,False
2008,120000,41723,False,False,False,True,True,False,True,False,True,False,False
2010,250000,70000,False,False,False,True,True,False,True,False,False,False,False
2012,220000,70000,True,False,False,False,True,False,True,False,True,False,False
2005,61000,4637,False,False,False,True,True,False,True,False,True,False,False
2016,620000,70000,True,False,False,False,True,False,True,False,False,False,False
2014,425000,100000,True,False,False,False,True,False,True,False,True,False,False
2009,85000,120000,True,False,False,False,True,False,True,False,True,False,False
2015,270000,40000,True,False,False,False,True,False,True,False,True,False,False
2009,180000,220000,True,False,False,False,True,False,True,False,False,False,False
2018,300000,20000,False,False,False,True,True,False,True,False,False,False,False
2017,800000,19000,False,False,False,True,True,False,True,False,False,False,False
2009,125000,95000,True,False,False,False,True,False,True,False,True,False,False
2017,450000,30000,False,False,False,True,True,False,True,False,False,False,False
2012,450000,42655,True,False,False,False,True,False,True,False,False,False,False
2017,250000,43000,False,False,False,True,True,False,True,False,True,False,False
2012,725000,70000,True,False,False,False,True,False,True,False,False,False,False
2010,250000,55000,False,False,False,True,True,False,True,False,False,False,False
2010,99000,80000,True,False,False,False,True,False,True,False,True,False,False
2017,350000,55000,False,False,False,True,True,False,True,False,False,False,False
2018,511000,70000,False,False,False,True,True,False,True,False,False,False,False
2012,300000,80000,True,False,False,False,True,False,True,False,False,False,False
2010,1100000,110000,False,False,False,True,True,False,False,False,False,False,False
2010,125000,60000,False,False,False,True,True,False,True,False,False,False,True
2018,500000,30000,False,False,False,True,True,False,True,False,False,False,False
2013,385000,80000,True,False,False,False,True,False,True,False,True,False,False
2012,350000,90000,False,False,False,True,True,False,True,False,False,False,False
2003,60000,50000,False,False,False,True,True,False,True,False,False,False,False
2012,300000,50000,False,False,False,True,True,False,True,False,False,False,False
2012,400000,70000,True,False,False,False,True,False,True,False,False,False,False
2014,550000,110000,True,False,False,False,True,False,True,False,False,False,False
2012,300000,80000,False,False,False,True,True,False,True,False,True,False,False
2012,250000,156000,True,False,False,False,True,False,True,False,False,False,False
2012,800000,180000,True,False,False,False,True,False,True,False,False,False,False
2018,300000,25000,False,False,False,True,True,False,True,False,False,False,False
2004,80000,120000,False,False,False,True,True,False,True,False,False,False,False
2020,1200000,11000,True,False,False,False,True,False,True,False,False,False,False
2017,355000,40000,False,False,False,True,True,False,False,False,False,False,False
2015,520000,50000,True,False,False,False,True,False,True,False,False,False,False
2012,500000,26000,True,False,False,False,True,False,True,False,False,False,False
2008,114999,30000,False,False,False,True,True,False,True,False,False,False,False
2014,1800000,50000,True,False,False,False,True,False,True,False,False,False,False
2018,800000,20000,True,False,False,False,True,False,True,False,False,False,False
2008,105000,30000,False,False,False,True,True,False,True,False,True,False,False
2011,135000,78000,False,False,False,True,True,False,True,False,False,False,False
2011,170000,40000,False,False,False,True,True,False,True,False,True,False,False
2014,550000,100000,False,False,False,True,True,False,True,False,False,False,False
2009,250000,70000,False,False,False,True,True,False,True,False,False,False,True
2014,650000,30000,True,False,False,False,True,False,True,False,True,False,False
2008,210000,77000,False,False,False,True,True,False,False,False,False,False,True
2011,260000,150000,True,False,False,False,True,False,True,False,False,False,False
2016,750000,69000,True,False,False,False,True,False,True,False,False,False,False
2016,1350000,120000,True,False,False,False,True,False,False,False,False,False,False
2012,220000,120000,True,False,False,False,True,False,True,False,True,False,False
2008,110000,110000,False,False,False,True,True,False,True,False,True,False,False
2017,1230000,70000,True,False,False,False,True,False,False,False,False,False,False
2013,220000,110000,True,False,False,False,True,False,True,False,False,False,False
2009,130000,50000,True,False,False,False,True,False,True,False,False,False,False
2012,330000,44000,False,False,False,True,True,False,True,False,False,False,False
2010,254999,90000,False,False,False,True,True,False,True,False,True,False,False
2014,600000,50000,False,False,False,True,True,False,True,False,True,False,False
2012,210000,50000,False,False,False,True,True,False,True,False,False,False,False
2014,300000,146000,True,False,False,False,True,False,True,False,False,False,False
2018,426000,15000,False,False,False,True,True,False,False,False,False,False,False
2015,265000,60000,False,False,False,True,True,False,True,False,False,False,False
2016,450000,35000,False,False,False,True,True,False,True,False,True,False,False
2012,480000,80000,True,False,False,False,True,False,True,False,False,False,False
2010,40000,90000,False,False,False,True,True,False,True,False,False,False,False
2011,395000,70000,False,False,False,True,True,False,True,False,True,False,False
2013,229999,62000,False,False,False,True,True,False,True,False,True,False,False
2018,875000,10000,False,False,False,True,True,False,False,False,False,False,False
2010,170000,80000,False,False,False,False,True,False,True,True,False,False,False
2015,500000,35000,False,False,False,True,True,False,True,False,True,False,False
2013,450000,1000,True,False,False,False,False,False,True,False,True,False,False
2018,3800000,10000,True,False,False,False,False,False,False,False,False,False,False
2013,1580000,86000,True,False,False,False,False,False,False,False,False,False,False
2019,4950000,30000,True,False,False,False,False,False,False,False,False,False,False
2016,535000,52600,True,False,False,False,True,False,True,False,False,False,False
2012,225000,110000,False,False,False,True,True,False,True,False,True,False,False
2017,550000,19890,False,False,False,True,False,False,False,False,False,False,False
2016,670000,7104,False,False,False,True,False,True,True,False,False,False,False
2015,625000,11918,False,False,False,True,False,True,True,False,False,False,False
2017,520000,10510,False,False,False,True,False,False,False,False,False,False,False
2016,239000,41000,False,False,False,True,False,False,True,False,False,False,False
2017,2600000,47162,True,False,False,False,False,True,False,False,False,False,False
2015,750000,45974,True,False,False,False,False,True,True,False,False,False,False
2012,229999,49824,False,False,False,True,False,False,True,False,False,False,False
2013,1300000,58500,True,False,False,False,False,False,False,False,False,False,False
2005,80000,56580,False,False,False,True,False,False,True,False,False,False,False
2012,385000,52000,True,False,False,False,False,False,True,False,False,False,False
2015,760000,55340,False,False,False,True,False,True,True,False,False,False,False
2017,600000,46507,True,False,False,False,False,True,True,False,False,False,False
2019,450000,40000,False,False,False,True,True,False,True,False,False,False,False
2019,450000,40000,False,False,False,True,True,False,True,False,False,False,False
2012,550000,120000,True,False,False,False,True,False,True,False,False,False,True
2013,200000,60000,False,False,False,True,True,False,True,False,False,False,False
2008,80000,90000,False,False,False,True,True,False,True,False,True,False,False
2010,300000,250000,True,False,False,False,True,False,True,False,True,False,False
2019,675000,15000,True,False,False,False,True,False,True,False,False,False,False
2017,260000,30000,False,False,False,True,True,False,True,False,False,False,False
2019,500000,15000,False,False,False,True,True,False,True,False,False,False,False
2012,150000,55766,False,False,False,True,True,False,True,False,True,False,False
2006,100000,80000,False,False,False,True,True,False,True,False,False,False,False
2001,70000,117000,False,False,False,True,True,False,True,False,True,False,False
2004,100000,70000,False,False,False,True,True,False,True,False,False,False,False
2012,730000,110000,True,False,False,False,True,False,True,False,True,False,False
2016,525000,100000,True,False,False,False,True,False,True,False,True,False,False
2016,525000,105000,True,False,False,False,True,False,True,False,True,False,False
2009,550000,182000,True,False,False,False,True,False,True,False,False,False,True
2012,420000,95000,True,False,False,False,True,False,True,False,True,False,False
2015,500000,70000,False,False,False,True,True,False,True,False,False,False,False
2009,165000,76000,False,False,False,True,True,False,True,False,True,False,False
2014,650000,70000,True,False,False,False,True,False,True,False,True,False,False
2013,195000,46000,True,False,False,False,True,False,True,False,False,False,False
1999,75000,70000,False,False,False,True,True,False,True,False,False,False,False
2005,100000,120000,True,False,False,False,True,False,True,False,True,False,False
2017,1770000,25000,True,False,False,False,True,False,True,False,False,False,False
2006,90000,90000,False,False,False,True,True,False,True,False,False,False,False
2016,515000,50000,True,False,False,False,True,False,True,False,False,False,False
2017,700000,24585,True,False,False,False,False,False,True,False,False,True,False
2001,62000,70000,False,False,False,True,True,False,True,False,False,False,False
2011,220000,110000,True,False,False,False,True,False,True,False,False,False,True
2019,520000,10000,False,False,False,False,True,False,True,False,False,False,False
2010,170000,100000,False,False,False,True,True,False,True,False,False,False,False
2011,190000,110000,True,False,False,False,True,False,True,False,True,False,False
2011,150000,100000,True,False,False,False,True,False,True,False,True,False,False
2009,125000,65000,False,False,False,True,True,False,True,False,False,False,False
2015,290000,40000,True,False,False,False,True,False,True,False,False,False,True
2019,490000,13900,False,False,False,True,True,False,True,False,False,False,False
2017,434999,17563,False,False,False,True,True,False,True,False,False,False,False
2016,380000,15000,False,False,False,True,True,False,True,False,False,False,False
2012,200000,82000,True,False,False,False,True,False,True,False,True,False,False
2016,495000,40000,True,False,False,False,True,False,True,False,False,False,False
2014,894999,173000,True,False,False,False,True,False,True,False,False,False,True
2014,600000,151000,True,False,False,False,True,False,True,False,True,False,False
2015,300000,50000,False,False,False,True,True,False,True,False,False,False,False
2017,430000,15000,False,False,False,True,True,False,True,False,False,False,False
2017,370000,80000,True,False,False,False,True,False,True,False,False,False,False
2019,750000,11000,False,False,False,True,True,False,True,False,False,False,False
2016,300000,50000,False,False,False,False,True,False,True,False,False,False,False
2012,700000,120000,True,False,False,False,True,False,False,False,True,False,False
2007,100000,70000,False,False,True,False,True,False,True,False,False,False,True
2015,300000,90000,False,False,False,True,True,False,True,False,False,False,False
2012,130000,185000,True,False,False,False,True,False,True,False,True,False,False
2016,650000,40000,True,False,False,False,True,False,True,False,False,False,False
2017,509999,25000,True,False,False,False,True,False,True,False,False,False,False
2013,1000000,117780,True,False,False,False,True,False,True,False,True,False,False
2010,280000,120000,True,False,False,False,True,False,True,False,True,False,False
2017,600000,120000,True,False,False,False,True,False,True,False,False,False,False
2013,210000,120000,True,False,False,False,True,False,True,False,False,False,True
2014,1150000,110000,True,False,False,False,True,False,False,False,True,False,False
2018,229999,30000,False,False,False,True,True,False,True,False,False,False,False
2018,245000,30000,False,False,False,True,True,False,True,False,False,False,False
2015,600000,60000,True,False,False,False,True,False,True,False,False,False,False
2016,375000,25000,False,False,False,True,True,False,True,False,False,False,False
2015,150000,55000,True,False,False,False,True,False,True,False,True,False,False
2018,1450000,20000,True,False,False,False,True,False,True,False,False,False,False
2014,500000,100000,True,False,False,False,True,False,True,False,True,False,False
2007,75000,40000,False,False,False,True,True,False,True,False,True,False,False
2006,225000,80000,False,False,False,True,True,False,False,False,False,False,True
2006,275000,80000,False,False,False,True,True,False,False,True,False,False,False
2018,620000,35000,True,False,False,False,True,False,True,False,False,False,False
2010,600000,110000,True,False,False,False,True,False,True,False,True,False,False
2011,275000,160000,True,False,False,False,True,False,True,False,False,False,False
2013,125000,125000,True,False,False,False,True,False,True,False,False,False,False
2011,80000,62000,False,False,False,True,True,False,True,False,True,False,False
2011,199000,120000,True,False,False,False,True,False,True,False,True,False,False
2016,440000,33000,False,False,False,True,True,False,True,False,True,False,False
2013,250000,80000,True,False,False,False,True,False,True,True,False,False,False
2017,700000,35000,True,False,False,False,True,False,True,False,False,False,False
2015,450000,50000,True,False,False,False,True,False,True,False,False,False,False
2019,240000,5000,False,False,False,True,True,False,True,False,False,False,False
2016,350000,12000,False,False,False,True,True,False,True,False,False,False,False
2016,650000,81595,True,False,False,False,False,False,True,False,False,False,False
2005,71000,22000,False,False,False,True,True,False,True,False,False,False,False
2015,400000,40000,False,False,False,True,True,False,True,False,False,False,False
2008,130000,40000,False,False,False,True,True,False,True,False,True,False,False
2013,300000,70000,True,False,False,False,True,False,True,False,True,False,False
2019,1100000,4000,True,False,False,False,True,False,True,False,False,False,False
2015,2200000,24000,True,False,False,False,True,False,False,False,False,False,False
2018,800000,13500,False,False,False,True,False,False,True,False,False,False,False
2013,490000,40000,True,False,False,False,True,False,True,False,False,False,False
2018,836000,9700,False,False,False,True,False,False,True,False,False,False,False
2012,375000,62000,False,False,False,True,True,False,True,False,True,False,False
2016,1249000,24000,True,False,False,False,False,False,True,False,False,False,False
2019,1240000,13000,True,False,False,False,False,False,True,False,False,False,False
2009,35000,50000,False,False,False,True,True,False,True,False,False,False,True
2017,1068000,36000,False,False,False,True,False,False,True,False,False,False,False
2017,1189000,40000,True,False,False,False,False,False,True,False,False,False,False
2018,700000,27000,False,False,False,True,True,False,True,False,False,False,False
2016,350000,40000,False,False,False,True,True,False,True,False,False,False,False
2009,254999,80000,False,False,False,True,True,False,True,False,True,False,False
2005,229999,221000,True,False,False,False,True,False,True,False,False,False,True
2016,750000,80000,True,False,False,False,True,False,True,False,False,False,False
2012,325000,119000,True,False,False,False,True,False,True,False,True,False,False
2009,760000,190000,True,False,False,False,True,False,True,False,True,False,False
2017,509999,25000,False,False,False,True,True,False,False,False,False,False,False
2013,363000,28740,False,False,False,True,True,False,True,False,False,False,False
2010,229999,48500,False,False,False,True,True,False,True,False,False,False,False
2012,290000,110000,False,False,False,True,True,False,True,False,True,False,False
2018,550000,30000,False,False,False,True,True,False,True,False,False,False,False
2011,125000,120000,True,False,False,False,True,False,True,False,True,False,False
2014,2000000,130000,True,False,False,False,True,False,False,False,False,False,False
2008,350000,140000,True,False,False,False,True,False,True,False,True,False,False
2011,390000,90000,True,False,False,False,True,False,True,False,False,False,False
2010,260000,50000,False,False,False,True,True,False,True,False,False,False,False
2008,150000,50000,False,False,False,True,True,False,True,False,True,False,False
2006,85000,60000,False,False,False,True,True,False,True,False,True,False,False
2015,280000,15000,False,False,False,True,True,False,True,False,True,False,False
2015,220000,45000,False,False,False,True,True,False,True,False,False,False,False
2005,140000,80000,False,False,False,True,True,False,True,False,False,False,True
2018,370000,15000,False,False,False,True,True,False,False,False,False,False,False
2019,650000,20000,True,False,False,False,True,False,True,False,False,False,False
2017,280000,37000,False,False,False,True,True,False,True,False,False,False,False
2016,540000,80000,True,False,False,False,True,False,True,False,False,False,False
2002,50000,120000,True,False,False,False,True,False,True,True,False,False,False
2018,800000,20000,False,False,False,True,True,False,True,False,False,False,False
2016,515000,25000,True,False,False,False,True,False,True,False,False,False,False
2010,220000,96000,False,False,False,True,True,False,True,False,False,False,True
2014,525000,54000,False,False,False,True,False,False,True,False,True,False,False
2013,165000,53000,False,False,False,True,False,False,True,False,False,False,False
2010,221000,65000,True,False,False,False,False,False,True,False,False,False,False
2015,245000,43000,False,False,False,True,False,False,True,False,False,False,False
2012,260000,42000,False,False,False,True,False,False,True,False,False,False,False
2011,550000,73000,True,False,False,False,False,False,False,False,False,False,False
2015,434999,29000,False,False,False,True,False,False,True,False,False,False,False
2013,450000,95000,True,False,False,False,False,False,True,False,False,False,False
2014,290000,25000,False,False,False,True,True,False,True,False,False,False,False
2011,305000,53000,False,False,False,True,False,False,True,False,True,False,False
2011,265000,20000,False,False,False,True,False,False,True,False,False,False,False
2014,325000,57000,False,False,False,True,False,False,True,False,False,False,False
2014,550000,52000,True,False,False,False,False,False,True,False,False,False,False
2008,105000,40000,False,False,False,True,True,False,True,False,False,False,False
2012,275000,47000,False,False,False,True,False,False,True,False,False,False,False
2012,434999,47000,False,False,False,True,False,False,True,False,True,False,False
2016,690000,73000,True,False,False,False,False,False,True,False,False,False,False
2012,249000,42000,False,False,False,True,False,False,True,False,True,False,False
2012,204999,60000,False,False,False,True,False,False,True,False,False,False,True
2012,200000,50000,True,False,False,False,True,False,True,False,False,False,False
2015,190000,120000,False,False,False,True,True,False,True,False,False,False,False
2012,150000,50000,False,False,False,True,True,False,True,False,False,False,False
1999,70000,70000,False,False,False,True,True,False,True,True,False,False,False
2018,900000,25000,True,False,False,False,True,False,True,False,False,False,False
2019,950000,11000,False,False,False,True,True,False,False,False,False,False,False
2013,475000,80000,False,False,False,True,True,False,True,False,False,False,False
1998,55000,80000,False,False,False,True,True,False,True,True,False,False,False
2013,450000,75000,True,False,False,False,True,False,True,False,True,False,False
2009,1200000,45000,True,False,False,False,True,False,False,False,False,False,True
2007,300000,100000,True,False,False,False,True,False,True,False,True,False,False
2014,350000,60000,True,False,False,False,True,False,True,False,True,False,False
2011,229999,160000,True,False,False,False,True,False,True,False,True,False,False
2015,821000,50000,False,False,False,True,True,False,True,False,False,False,False
2014,200000,80000,False,False,False,True,True,False,True,False,True,False,False
2017,1000000,60000,True,False,False,False,True,False,True,False,True,False,False
2016,220000,60000,False,False,False,True,True,False,True,False,True,False,False
2015,459999,148620,True,False,False,False,False,False,True,False,False,False,False
2012,310000,70000,True,False,False,False,True,False,True,False,True,False,False
2018,815000,42000,True,False,False,False,True,False,True,False,False,False,False
2017,1200000,40000,True,False,False,False,True,False,True,False,False,False,False
2011,170000,150000,True,False,False,False,True,False,True,False,True,False,False
2017,1000000,30000,True,False,False,False,True,False,True,False,False,False,False
2010,155000,90000,False,False,False,True,True,False,True,True,False,False,False
2017,400000,120000,True,False,False,False,True,False,True,False,False,False,False
2016,400000,80000,True,False,False,False,True,False,True,False,True,False,False
2010,250000,80000,True,False,False,False,True,False,True,False,True,False,False
2008,150000,50000,False,False,False,True,True,False,True,False,False,False,True
2002,80000,70000,False,False,False,True,True,False,True,False,True,False,False
2009,130000,120000,False,False,False,True,True,False,False,False,True,False,False
2014,325000,70000,True,False,False,False,True,False,False,False,False,False,False
2012,735000,55300,True,False,False,False,False,False,False,False,False,False,False
2012,285000,74300,True,False,False,False,False,False,True,False,False,False,False
2010,350000,48781,False,False,False,True,False,False,True,False,False,False,False
2010,290000,87620,True,False,False,False,False,False,False,False,False,False,False
2017,890000,40219,True,False,False,False,False,False,False,False,False,False,False
2011,385000,11473,False,False,False,True,False,False,True,False,False,False,False
2017,425000,8352,False,False,False,True,False,False,True,False,False,False,False
2017,525000,9745,False,False,False,True,False,False,False,False,False,False,False
2017,550000,9748,False,False,False,True,False,False,True,False,False,False,False
2012,271000,49000,False,False,False,True,False,False,True,False,False,False,False
2018,1490000,20694,True,False,False,False,False,False,True,False,False,False,False
2015,490000,31080,False,False,False,True,False,False,True,False,False,False,False
2014,260000,37605,False,False,False,True,False,False,True,False,False,False,False
2014,455000,55850,True,False,False,False,False,False,True,False,False,False,False
2010,75000,58850,False,False,False,True,False,False,True,False,False,False,False
2015,421000,23839,False,False,False,True,False,False,True,False,False,False,False
2016,550000,54000,True,False,False,False,False,False,True,False,False,False,False
2013,330000,38000,False,False,False,True,False,False,False,False,False,False,False
2012,390000,45454,True,False,False,False,False,False,True,False,False,False,False
2015,599000,46957,True,False,False,False,False,False,False,False,False,False,False
2019,738000,8000,False,False,False,True,True,False,False,False,False,False,False
2016,300000,30000,False,False,False,True,True,False,True,False,False,False,False
2012,150000,110000,True,False,False,False,True,False,True,False,False,False,False
2007,440000,223000,True,False,False,False,True,False,True,True,False,False,False
2011,280000,110000,True,False,False,False,True,False,True,False,False,False,False
2006,100000,120000,False,False,False,True,True,False,True,False,True,False,False
2008,150000,100000,False,False,False,True,True,False,True,False,True,False,False
2014,380000,100000,True,False,False,False,True,False,True,False,True,False,False
2006,90000,60000,False,False,False,True,True,False,True,False,True,False,False
2008,300000,270000,True,False,False,False,True,False,True,False,False,False,True
2011,275000,60000,True,False,False,False,True,False,True,False,True,False,False
2009,180000,41090,False,False,False,True,True,False,True,False,False,False,False
2012,225000,296823,True,False,False,False,True,False,True,False,False,False,False
2014,200000,40000,False,False,False,True,True,False,True,False,False,False,False
2011,500000,40000,False,False,False,True,True,False,True,False,True,False,False
2010,300000,70000,False,False,False,True,True,False,True,False,True,False,False
2015,765000,80000,True,False,False,False,True,False,True,False,True,False,False
2017,650000,90000,True,False,False,False,True,False,True,False,False,False,False
2017,380000,19000,False,False,False,True,True,False,True,False,False,False,False
2014,480000,110000,True,False,False,False,True,False,True,False,True,False,False
1996,200000,60000,True,False,False,False,True,False,True,False,False,False,False
2017,380000,19000,False,False,False,True,True,False,True,False,False,False,False
2010,145000,68000,False,False,False,False,True,False,True,False,True,False,False
2011,280000,120000,True,False,False,False,True,False,True,False,True,False,False
2014,254999,30000,True,False,False,False,True,False,True,False,False,False,False
2016,300000,90000,False,False,False,True,True,False,True,False,True,False,False
2015,480000,140000,True,False,False,False,True,False,True,False,False,False,True
2017,850000,44500,False,False,False,True,True,False,False,False,False,False,False
2014,350000,52000,True,False,False,False,True,False,True,False,True,False,False
2016,650000,26000,False,False,False,True,True,False,True,False,False,False,False
2016,650000,26000,False,False,False,True,True,False,True,False,False,False,False
2007,550000,80000,False,False,False,True,True,False,True,False,True,False,False
2015,300000,35000,False,False,False,True,True,False,True,False,False,False,False
2008,150000,60000,False,False,False,True,True,False,True,False,True,False,False
2014,300000,120000,False,False,False,True,True,False,True,False,False,False,False
2004,80000,58000,False,False,False,True,True,False,True,False,False,False,False
2014,200000,100000,True,False,False,False,True,False,True,False,False,False,False
2016,220000,43700,False,False,False,True,True,False,True,False,False,False,False
2009,68000,120000,False,False,False,True,True,False,True,False,True,False,False
2011,180000,80000,True,False,False,False,True,False,True,False,False,False,True
2017,290000,20000,False,False,False,True,True,False,True,False,False,False,False
2018,300000,25000,False,False,False,True,True,False,True,False,False,False,False
2014,600000,27483,True,False,False,False,False,False,True,False,False,False,False
2019,470000,8000,False,False,False,True,True,False,True,False,False,False,False
2008,150000,30000,False,False,False,True,True,False,True,False,False,False,False
2017,400000,30000,False,False,False,True,True,False,True,False,False,False,False
2009,110000,100000,True,False,False,False,True,False,True,True,False,False,False
2014,180000,56207,False,False,False,True,False,False,True,False,True,False,False
2010,250000,40000,False,False,False,True,True,False,True,False,False,False,False
2006,80000,70000,False,False,False,True,True,False,True,False,False,False,False
2018,875000,1440,False,False,False,True,True,False,True,False,False,False,False
2015,425000,12000,False,False,False,True,True,False,True,False,False,False,False
2019,300000,50000,False,False,False,True,True,False,True,False,False,False,False
2016,700000,35000,True,False,False,False,True,False,True,False,False,False,False
2010,130000,50000,False,False,False,True,True,False,True,False,True,False,False
2017,1000000,60000,True,False,False,False,True,False,True,False,True,False,False
2017,650000,67000,True,False,False,False,True,False,True,False,False,False,False
2013,400000,100000,False,False,False,True,True,False,True,False,True,False,False
2017,800000,60000,True,False,False,False,True,False,True,False,False,False,False
2017,675000,70000,True,False,False,False,True,False,True,False,False,False,False
2017,210000,50000,False,False,False,True,True,False,True,True,False,False,False
2009,150000,120000,True,False,False,False,True,False,True,False,False,False,True
2007,45000,100000,False,False,False,False,True,False,True,True,False,False,False
2015,516000,90000,False,False,False,True,True,False,True,False,False,False,False
2014,450000,80000,False,False,False,True,True,False,True,False,False,False,False
2012,134000,90000,False,False,False,True,True,False,True,False,True,False,False
2014,509999,157000,True,False,False,False,True,False,True,False,True,False,False
2016,500000,20000,False,False,False,True,True,False,True,False,False,False,False
2008,130000,80000,False,False,False,True,True,False,True,True,False,False,False
2015,575000,60000,True,False,False,False,True,False,True,False,False,False,False
2015,550000,49000,False,False,False,True,True,False,True,False,False,False,False
2009,145000,89255,True,False,False,False,True,False,True,False,False,False,False
2020,347000,5000,False,False,False,True,True,False,True,False,False,False,False
2013,275000,110000,True,False,False,False,True,False,True,False,False,False,False
2010,630000,200000,True,False,False,False,True,False,True,False,False,False,True
2012,160000,90000,True,False,False,False,True,False,True,False,True,False,False
2010,150000,63000,True,False,False,False,True,False,True,False,False,False,True
2015,550000,23000,False,False,False,True,True,False,True,False,False,False,False
2013,349000,100000,True,False,False,False,True,False,True,False,False,False,False
2004,229999,168000,True,False,False,False,True,False,True,True,False,False,False
2008,110000,90000,True,False,False,False,True,False,True,False,False,False,True
2008,110000,70000,False,False,False,True,True,False,True,False,False,False,True
2018,245000,5550,False,False,False,True,True,False,True,False,True,False,False
2014,180000,100000,False,False,False,True,True,False,True,False,True,False,False
2014,290000,80000,False,False,False,True,True,False,True,False,True,False,False
2010,250000,40000,False,False,False,True,True,False,True,False,False,False,False
2010,150000,100000,True,False,False,False,True,False,True,False,False,False,False
2004,55000,35000,False,False,False,True,True,False,True,False,False,False,True
2006,500000,75000,True,False,False,False,True,False,True,False,True,False,False
2013,290000,150000,True,False,False,False,True,False,True,True,False,False,False
2019,400000,16000,False,False,False,True,True,False,False,False,False,False,False
2009,72000,70000,False,False,False,True,True,False,True,False,False,False,False
2014,250000,115000,True,False,False,False,True,False,True,False,False,False,False
2019,575000,25000,False,False,False,True,True,False,False,False,False,False,False
2019,1300000,10000,True,False,False,False,True,False,False,False,False,False,False
2019,425000,15000,False,False,False,True,True,False,True,False,False,False,False
2019,470000,10000,False,False,False,False,True,False,True,False,False,False,False
2012,220000,80000,False,False,False,True,True,False,True,False,False,False,True
2020,310000,1700,False,False,False,True,True,False,True,False,False,False,False
2016,400000,45217,True,False,False,False,False,False,True,False,False,False,False
2012,215000,97000,True,False,False,False,True,False,True,False,False,False,False
2018,310000,20000,False,False,False,True,True,False,True,False,False,False,False
2017,750000,50000,True,False,False,False,True,False,True,False,False,False,False
2009,204999,120000,True,False,False,False,True,False,True,False,True,False,False
2010,260000,50000,False,False,False,True,True,False,True,False,False,False,False
2012,180000,40000,False,False,False,True,True,False,True,False,True,False,False
2007,125000,110000,True,False,False,False,True,False,True,False,True,False,False
2014,420000,155000,True,False,False,False,True,False,True,False,False,False,False
2011,220000,70000,False,False,False,True,True,False,True,False,True,False,False
2010,200000,70000,False,False,False,True,True,False,True,False,False,False,True
2009,130000,100000,True,False,False,False,True,False,True,False,False,False,True
2016,335000,41000,False,False,False,True,False,False,True,False,False,False,False
2017,2650000,60000,True,False,False,False,False,False,False,False,False,False,False
2018,2675000,56000,True,False,False,False,False,False,False,False,False,False,False
2017,2675000,60000,True,False,False,False,False,False,False,False,False,False,False
2011,434999,97000,False,False,False,True,False,False,False,False,True,False,False
2014,500000,60000,False,False,False,True,True,False,True,False,False,False,False
2017,290000,60000,False,False,False,True,True,False,True,False,False,False,False
2014,475000,48000,False,False,False,True,False,False,False,False,True,False,False
2009,270000,190000,True,False,False,False,True,False,True,False,False,False,True
2019,600000,80000,False,False,False,True,True,False,True,False,False,False,False
2013,300000,70000,True,False,False,False,True,False,True,False,True,False,False
2012,415000,80000,True,False,False,False,True,False,True,False,True,False,False
2018,800000,30000,True,False,False,False,True,False,False,False,True,False,False
2016,420000,44440,False,False,False,True,True,False,True,False,True,False,False
2018,1250000,30000,True,False,False,False,True,False,True,False,False,False,False
2011,270000,120000,True,False,False,False,True,False,True,False,False,False,False
2015,390000,80000,True,False,False,False,True,False,True,False,True,False,False
2012,400000,110000,True,False,False,False,True,False,True,False,False,False,False
2007,100000,170000,False,False,False,True,True,False,True,False,False,False,False
2010,850000,46000,True,False,False,False,True,False,False,False,False,False,False
2012,359000,120000,True,False,False,False,True,False,False,False,False,False,True
2015,470000,91365,True,False,False,False,False,False,True,False,False,False,False
2013,360000,90010,True,False,False,False,False,False,True,False,True,False,False
2013,250999,80000,True,False,False,False,True,False,True,False,False,False,False
2012,45000,35000,False,False,False,True,True,False,True,False,True,False,False
2006,75000,80000,False,False,False,True,True,False,True,False,True,False,False
2013,495000,31800,True,False,False,False,False,False,True,False,False,False,False
2013,310000,59100,False,False,False,False,False,False,True,False,False,False,False
2016,540000,31200,False,False,False,True,False,False,True,False,False,False,False
2016,665000,51000,True,False,False,False,False,False,True,False,False,False,False
2013,425000,22700,True,False,False,False,False,False,True,False,True,False,False
2011,1295000,58000,True,False,False,False,False,False,False,False,False,False,False
2016,675000,50900,True,False,False,False,False,False,True,False,False,False,False
2018,980000,10000,True,False,False,False,True,False,True,False,False,False,False
2014,320000,60000,True,False,False,False,True,False,True,False,False,False,False
2011,250000,80000,False,False,False,True,True,False,True,False,True,False,False
2016,600000,72000,True,False,False,False,True,False,True,False,False,False,False
2016,300000,96000,False,False,False,True,True,False,True,False,False,False,False
2014,305000,66000,True,False,False,False,True,False,True,False,False,False,False
2012,270000,80000,True,False,False,False,True,False,True,False,True,False,False
2012,300000,90000,True,False,False,False,True,False,True,False,False,False,False
2009,106000,70000,False,False,False,True,True,False,True,False,False,False,False
2006,90000,75000,False,False,False,True,True,False,True,False,False,False,True
2019,539000,2417,False,False,False,True,True,False,True,False,False,False,False
2009,110000,100000,True,False,False,False,True,False,True,True,False,False,False
2016,250000,30000,False,False,False,True,True,False,True,False,True,False,False
2009,300000,50000,False,False,False,True,True,False,True,False,False,False,False
2018,707000,60000,True,False,False,False,True,False,True,False,False,False,False
2007,95000,120000,False,False,False,True,True,False,True,True,False,False,False
2020,495000,7000,False,False,False,False,True,False,True,False,False,False,False
2012,200000,35000,True,False,False,False,True,False,True,False,False,False,False
2009,110000,110000,False,False,False,True,True,False,True,True,False,False,False
2008,100000,130000,False,False,False,True,True,False,True,True,False,False,False
2016,150000,25000,False,False,False,True,True,False,True,False,True,False,False
2016,509999,35000,False,False,False,True,True,False,True,False,False,False,False
2005,50000,80000,False,False,False,True,True,False,True,False,False,False,True
2007,85000,70000,False,False,False,True,True,False,True,False,True,False,False
2018,475000,23000,False,False,False,True,True,False,True,False,False,False,False
2014,425000,40000,False,False,False,True,True,False,True,False,False,False,False
2006,480000,110000,False,False,False,True,True,False,False,False,True,False,False
2019,950000,10000,True,False,False,False,True,False,True,False,False,False,False
2015,535000,80000,True,False,False,False,True,False,True,False,False,False,False
2009,325000,25000,True,False,False,False,True,False,True,False,False,False,True
2013,270000,74000,False,False,False,True,True,False,True,False,False,False,True
2015,300000,60000,False,False,False,True,True,False,True,False,False,False,True
2011,325000,70000,True,False,False,False,True,False,True,False,False,False,False
2010,350000,100000,True,False,False,False,True,False,True,False,False,False,False
2008,229999,146000,True,False,False,False,True,False,True,False,False,False,True
2012,325000,120000,True,False,False,False,True,False,True,False,True,False,False
2005,70000,70000,False,False,False,True,True,False,True,False,True,False,False
2008,190000,120000,True,False,False,False,True,False,True,False,False,False,True
2011,345000,65500,True,False,False,False,True,False,True,False,False,False,False
2016,1025000,70000,True,False,False,False,True,False,True,False,False,False,False
2012,120000,50000,False,False,False,True,True,False,True,False,False,False,False
2009,114999,90000,False,False,False,True,True,False,True,False,True,False,False
2009,300000,120000,False,False,False,True,True,False,True,False,True,False,False
2016,340000,56000,False,False,False,True,False,False,True,False,False,False,False
2005,90000,70000,False,False,False,True,True,False,True,False,True,False,False
2006,150000,140300,False,False,False,True,True,False,True,False,False,False,False
2010,115999,70000,False,False,False,True,True,False,True,False,False,False,False
2017,425000,36000,True,False,False,False,False,False,True,False,False,False,False
2017,550000,12997,True,False,False,False,False,False,True,False,False,False,False
2017,500000,40000,False,False,False,True,True,False,False,False,False,False,False
2013,300000,25000,True,False,False,False,True,False,True,False,True,False,False
2018,1150000,26430,True,False,False,False,False,False,True,False,False,False,False
2015,475000,24600,False,False,False,True,False,False,True,False,False,False,False
2011,260000,28481,False,False,False,True,False,False,True,False,False,False,False
2013,350000,100000,False,False,False,True,True,False,True,False,False,False,False
2013,750000,41988,True,False,False,False,False,False,True,False,False,False,False
2017,350000,7658,False,False,False,True,False,False,False,False,False,False,False
2009,180000,30375,False,False,False,True,False,False,True,False,False,False,False
2017,611000,34400,True,False,False,False,False,False,True,False,False,False,False
2017,325000,18500,False,False,False,True,False,False,True,False,False,False,False
2012,225000,48000,False,False,False,True,False,False,True,False,False,False,False
2014,300000,28942,False,False,False,True,False,False,False,False,False,False,False
2017,400000,50000,True,False,False,False,True,False,True,False,True,False,False
2012,711000,53600,True,False,False,False,False,False,True,False,False,False,False
2015,851000,53652,True,False,False,False,False,False,True,False,False,False,False
2016,375000,23000,False,False,False,True,False,False,True,False,True,False,False
2007,275000,10211,False,False,False,True,True,False,True,False,False,False,False
2005,120000,120000,True,False,False,False,True,False,True,False,False,False,True
2015,350000,120000,True,False,False,False,True,False,True,False,False,False,False
2017,409999,35000,False,False,False,True,True,False,True,False,False,False,False
2012,500000,130000,True,False,False,False,True,False,True,False,False,False,False
2013,220000,90000,True,False,False,False,True,False,True,False,True,False,False
2008,120000,80000,False,False,False,True,True,False,True,False,True,False,False
2007,70000,55000,False,False,False,True,True,False,True,False,True,False,False
2017,800000,15000,False,False,False,True,True,False,True,False,False,False,False
2014,450000,260000,True,False,False,False,True,False,True,False,True,False,False
2012,525000,145000,True,False,False,False,True,False,True,False,False,False,False
2016,300000,35000,False,False,False,True,True,False,True,False,False,False,False
2008,195000,56000,False,False,False,True,True,False,True,False,True,False,False
2007,130000,98000,True,False,False,False,True,False,True,False,True,False,False
2011,300000,135000,True,False,False,False,True,False,True,False,True,False,False
2002,120000,60000,False,False,False,True,True,False,True,False,False,False,True
2010,450000,120000,True,False,False,False,True,False,True,False,False,False,True
2010,160000,102000,True,False,False,False,True,False,True,False,True,False,False
2018,800000,35000,True,False,False,False,True,False,True,False,False,False,False
2013,100000,80000,False,False,False,True,True,False,True,False,False,False,False
2017,825000,13599,False,False,False,True,False,False,False,False,False,False,False
2015,265000,32933,False,False,False,True,False,False,True,False,False,False,False
2008,175000,54551,False,False,False,True,False,False,True,False,False,False,False
2014,250999,57112,False,False,False,True,False,False,True,False,False,False,False
2015,471000,41025,False,False,False,True,False,False,False,False,False,False,False
2019,650000,5000,True,False,False,False,True,False,True,False,False,False,False
2019,650000,5000,True,False,False,False,True,False,True,False,False,False,False
2012,225000,53122,False,False,False,True,False,False,True,False,True,False,False
2013,245000,64111,False,False,False,False,False,False,True,False,False,False,False
2011,221000,78892,False,False,False,True,False,False,True,False,False,False,False
2011,271000,74113,False,False,False,True,False,False,True,False,False,False,False
2012,290000,80000,False,False,False,True,False,False,True,False,False,False,False
2017,525000,39000,False,False,False,True,False,False,True,False,False,False,False
2012,377000,84775,False,False,False,True,False,False,True,False,False,False,False
2012,95000,20778,False,False,False,True,False,False,True,False,False,False,False
2015,763000,64441,True,False,False,False,False,False,True,False,False,False,False
2015,450000,43192,False,False,False,True,False,False,True,False,False,False,False
2014,140000,44416,False,False,False,True,False,False,True,False,False,False,False
2016,701000,79991,True,False,False,False,False,False,True,False,False,False,False
2011,277000,62601,True,False,False,False,False,False,True,False,True,False,False
2018,520000,50000,False,False,False,True,True,False,False,False,False,False,False
2017,550000,100000,True,False,False,False,True,False,True,False,False,False,False
2011,260000,97000,True,False,False,False,True,False,True,False,False,False,True
2015,420000,100000,True,False,False,False,True,False,True,False,False,False,False
2002,35000,100000,False,False,False,True,True,False,True,False,False,False,True
2018,1150000,20000,True,False,False,False,True,False,True,False,False,False,False
2017,680000,46000,False,False,False,True,True,False,True,False,False,False,False
2012,425000,40000,True,False,False,False,True,False,True,False,False,False,False
2014,450000,70000,True,False,False,False,True,False,True,False,True,False,False
2008,590000,89600,True,False,False,False,True,False,True,False,False,False,True
2017,936999,60800,False,False,False,True,True,False,True,False,False,False,False
2015,420000,104000,True,False,False,False,True,False,True,False,True,False,False
2014,450000,80000,True,False,False,False,True,False,True,False,True,False,False
2004,40000,69111,False,False,False,True,True,False,True,False,False,False,True
2014,520000,70000,True,False,False,False,True,False,True,False,True,False,False
2007,80000,120000,False,False,False,True,True,False,True,False,False,False,False
2014,55000,40000,False,False,False,True,True,False,True,False,False,False,False
2001,80000,100000,True,False,False,False,True,False,True,False,False,False,True
2019,210000,20000,False,False,False,True,True,False,True,False,False,False,False
2015,300000,50000,False,False,False,True,True,False,True,False,True,False,False
2017,260000,50000,True,False,False,False,True,False,True,False,False,False,False
2016,250000,70000,True,False,False,False,True,False,True,False,False,False,False
2008,80000,90000,True,False,False,False,True,False,True,False,False,False,False
2010,450000,150000,True,False,False,False,True,False,True,False,True,False,False
2005,310000,120000,True,False,False,False,True,False,True,False,True,False,False
2012,500000,100000,True,False,False,False,True,False,True,False,False,False,False
2016,800000,70000,True,False,False,False,True,False,True,False,True,False,False
2016,840000,70000,True,False,False,False,True,False,True,False,True,False,False
2016,490000,50000,False,False,False,True,True,False,True,False,False,False,False
2010,125000,81000,True,False,False,False,True,False,True,False,True,False,False
2012,400000,120000,True,False,False,False,True,False,True,False,False,False,True
2015,1000000,3600,True,False,False,False,False,False,True,False,False,False,False
2015,530000,14272,False,False,False,True,False,False,True,False,False,False,False
2017,840000,49213,True,False,False,False,False,False,True,False,False,False,False
2015,229999,40000,False,False,False,True,True,False,True,False,False,False,False
1998,40000,40000,False,False,False,True,True,False,True,True,False,False,False
2012,130000,80000,False,False,False,True,True,False,True,False,False,False,False
2015,200000,70000,False,False,False,True,True,False,True,False,False,False,False
2011,120000,70000,True,False,False,False,True,False,True,False,False,False,False
2003,75000,57000,False,False,False,True,True,False,True,False,False,False,False
2016,250000,120000,True,False,False,False,True,False,True,False,False,False,False
2005,100000,30000,False,False,False,True,True,False,True,False,False,False,False
2013,280000,3240,False,False,False,True,True,False,True,False,True,False,False
2015,540000,5000,False,False,False,True,True,False,True,False,False,False,False
2018,700000,10000,False,False,False,True,True,False,True,False,False,False,False
2014,350000,90000,False,False,False,True,True,False,True,False,True,False,False
2011,320000,100000,True,False,False,False,True,False,True,False,False,False,False
2016,475000,90000,True,False,False,False,True,False,True,False,False,False,False
2011,220000,140000,True,False,False,False,True,False,True,False,True,False,False
2013,210000,13770,True,False,False,False,True,False,True,False,False,False,False
2005,61000,4637,False,False,False,True,True,False,True,False,True,False,False
2009,355000,100000,True,False,False,False,True,False,False,False,True,False,False
2012,150000,60000,True,False,False,False,True,False,True,False,False,False,False
2011,133000,80000,True,False,False,False,True,False,True,False,False,False,False
2015,650000,50000,True,False,False,False,True,False,False,False,False,False,False
2014,210000,40000,False,False,False,True,True,False,True,False,True,False,False
2013,130000,93900,True,False,False,False,True,False,True,False,True,False,False
2007,60000,70000,False,False,False,True,True,False,True,False,False,False,False
2005,120000,120000,True,False,False,False,True,False,True,False,False,False,True
2017,2900000,40000,True,False,False,False,True,False,False,False,False,False,False
2005,100000,120000,True,False,False,False,True,False,True,False,True,False,False
2004,79000,80000,False,False,False,True,True,False,True,False,False,False,False
2012,120000,110000,True,False,False,False,True,False,True,False,False,False,False
2005,125000,34000,False,False,False,True,False,False,True,False,False,False,False
2013,425000,20000,True,False,False,False,False,False,True,False,False,False,False
2001,70000,117000,False,False,False,True,True,False,True,False,True,False,False
2020,619000,1500,False,False,False,True,True,False,True,False,False,False,False
2017,415000,48965,False,False,False,True,False,False,True,False,False,False,False
2014,265000,55000,False,False,False,True,False,False,True,False,False,False,False
2008,70000,60000,False,False,False,True,True,False,True,False,False,False,False
2015,281000,40000,True,False,False,False,True,False,True,False,False,False,False
2013,211000,80000,True,False,False,False,True,False,True,False,False,False,False
2018,550000,11000,False,False,False,True,True,False,True,False,False,False,False
2014,350000,110000,True,False,False,False,True,False,True,False,False,False,False
2017,420000,19890,False,False,False,True,False,False,False,False,False,False,False
2015,270000,20969,False,False,False,True,False,False,True,False,False,False,False
2016,399000,20194,False,False,False,True,False,False,True,False,False,False,False
2016,440000,34982,False,False,False,True,False,False,True,False,False,False,False
2012,250000,44588,False,False,False,True,False,False,True,False,False,False,False
2016,650000,57904,True,False,False,False,False,False,True,False,False,False,False
2015,270000,59258,False,False,False,True,False,False,True,False,False,False,False
2016,390000,60826,False,False,False,True,False,False,True,False,False,False,False
2018,1500000,50000,True,False,False,False,True,False,True,False,False,False,False
2014,225000,35000,False,False,False,True,True,False,True,False,False,False,False
2015,900000,110000,True,False,False,False,True,False,True,False,True,False,False
2018,1600000,40000,True,False,False,False,True,False,False,False,False,False,False
2019,800000,10000,False,False,False,True,True,False,True,False,False,False,False
2013,320000,50000,True,False,False,False,True,False,True,False,False,False,False
2016,300000,25000,False,False,False,True,True,False,True,False,False,False,False
2018,740000,25000,False,False,False,True,True,False,True,False,False,False,False
2019,350000,1300,False,False,False,True,True,False,True,False,False,False,False
2014,280000,40000,False,False,False,True,True,False,True,False,False,False,False
2018,675000,50000,True,False,False,False,True,False,False,False,False,False,False
2011,300000,20000,False,False,False,True,True,False,True,False,False,False,False
2011,400000,76000,True,False,False,False,True,False,True,False,False,False,True
2010,420000,100000,True,False,False,False,True,False,True,False,False,False,True
2008,300000,120000,True,False,False,False,True,False,True,False,False,False,False
2010,170000,70000,False,False,False,True,True,False,True,False,False,False,False
2014,210000,70000,False,False,False,True,True,False,True,False,False,False,True
2015,600000,60000,True,False,False,False,True,False,True,False,True,False,False
2014,260000,38000,False,False,False,True,True,False,True,False,True,False,False
2015,82000,19000,False,False,False,True,True,False,True,False,False,False,False
2016,690000,75000,True,False,False,False,True,False,True,False,False,False,False
2015,300000,70000,True,False,False,False,True,False,True,False,False,False,False
2017,1250000,30000,True,False,False,False,True,False,True,False,False,False,False
2017,799000,31707,True,False,False,False,True,False,True,False,False,False,False
2010,1000000,180000,True,False,False,False,True,False,True,False,False,False,False
2014,190000,90000,False,False,False,True,True,False,True,False,True,False,False
2014,250000,30000,True,False,False,False,True,False,True,False,False,False,False
2009,200000,60000,False,False,False,True,True,False,True,False,False,False,False
2005,300000,90000,True,False,False,False,True,False,True,False,True,False,False
2015,250000,120000,False,False,False,True,True,False,True,False,True,False,False
2008,90000,70000,False,False,False,True,True,False,True,False,False,False,True
2001,68000,70000,False,False,False,True,True,False,True,False,False,False,False
2017,500000,26500,False,False,False,True,True,False,True,False,False,False,False
2017,900000,50000,True,False,False,False,True,False,True,False,False,False,False
2007,100000,52000,False,False,False,True,True,False,True,False,True,False,False
2016,700000,160000,True,False,False,False,True,False,True,False,False,False,False
2012,1750000,115992,True,False,False,False,False,False,False,False,False,False,True
2017,290000,110000,False,False,False,True,True,False,True,False,True,False,False
2014,1050000,97000,True,False,False,False,True,False,True,False,True,False,False
2008,70000,100000,True,False,False,False,True,False,True,False,False,False,True
2016,520000,41000,True,False,False,False,True,False,True,False,False,False,False
2012,150000,90000,True,False,False,False,True,False,True,False,False,False,False
2008,120000,90000,False,False,False,True,True,False,True,False,False,False,False
2016,600000,25000,False,False,False,True,True,False,True,False,False,False,False
2010,150000,70000,True,False,False,False,True,False,True,False,True,False,False
2011,400000,60000,False,False,False,True,True,False,True,False,False,False,False
2015,310000,30000,False,False,False,True,True,False,True,False,True,False,False
2015,550000,30000,False,False,False,True,True,False,True,False,False,False,False
2016,550000,60000,True,False,False,False,True,False,True,False,False,False,False
2013,320000,73000,True,False,False,False,True,False,True,False,False,False,False
1992,50000,100000,False,False,False,True,True,False,True,True,False,False,False
2018,500000,32000,False,False,False,True,True,False,True,False,False,False,False
2018,360000,26500,False,False,False,True,True,False,True,False,False,False,False
2017,700000,50000,True,False,False,False,True,False,True,False,True,False,False
2012,700000,110000,True,False,False,False,True,False,True,False,True,False,False
2017,655000,84000,True,False,False,False,False,False,True,False,False,False,False
2017,700000,50000,True,False,False,False,True,False,True,False,True,False,False
2011,200000,110000,False,False,True,False,True,False,True,False,False,False,False
2012,375000,150000,True,False,False,False,True,False,True,False,False,False,False
2012,470000,109052,True,False,False,False,False,False,True,False,False,False,False
2015,550000,90658,True,False,False,False,False,False,True,False,False,False,False
2014,500000,110000,True,False,False,False,True,False,True,False,True,False,False
2015,210000,25000,False,False,False,True,True,False,True,False,False,False,False
2018,270000,20000,False,False,False,True,True,False,True,False,False,False,False
2010,300000,80000,False,False,False,True,True,False,True,False,False,False,False
2007,80000,60000,False,False,False,True,True,False,True,False,False,False,True
2013,1451000,81000,True,False,False,False,False,False,False,False,False,False,False
2018,1085000,15000,True,False,False,False,True,False,True,False,False,False,False
2009,245000,75000,True,False,False,False,False,False,False,False,False,False,False
2017,700000,25552,False,False,False,True,False,False,True,False,True,False,False
2018,300000,20000,False,False,False,True,True,False,True,False,False,False,False
2017,350000,80000,True,False,False,False,True,False,True,False,False,False,False
2017,635000,25000,False,False,False,True,False,False,False,False,False,False,False
2012,325000,40700,False,False,False,True,True,False,True,False,False,False,False
2017,1150000,65500,True,False,False,False,False,False,False,False,False,False,False
2008,110000,42000,False,False,False,True,False,False,True,False,False,False,False
2018,890000,8000,False,False,False,True,False,False,True,False,False,False,False
2007,73000,80000,False,False,False,True,True,False,True,False,True,False,False
2014,170000,77000,False,False,False,True,True,False,True,False,False,False,False
2016,750000,6000,False,False,False,True,False,False,True,False,False,False,False
2017,280000,28838,False,False,False,True,True,False,True,False,False,False,False
2018,690000,11174,False,False,False,True,False,False,True,False,False,False,False
2008,130000,120000,False,False,False,True,True,False,True,False,False,False,False
2007,73000,80000,False,False,False,True,True,False,True,False,True,False,False
2007,85000,85000,False,False,False,True,True,False,True,False,True,False,False
2018,1575000,10000,False,False,False,True,True,False,False,False,False,False,False
2013,325000,105000,True,False,False,False,True,False,True,False,False,False,False
1998,85000,120000,False,False,False,True,True,False,True,False,True,False,False
2018,860000,30000,True,False,False,False,False,False,True,False,True,False,False
2017,690000,41000,True,False,False,False,True,False,True,False,False,False,False
2013,650000,54000,True,False,False,False,False,False,True,False,False,False,False
2014,375000,40000,True,False,False,False,True,False,True,False,False,False,False
2013,525000,71000,True,False,False,False,False,False,True,False,False,False,False
2016,330000,72500,False,False,False,True,False,False,True,False,False,False,False
2013,280000,76600,False,False,False,True,False,False,True,False,False,False,False
2014,470000,40000,False,False,False,True,True,False,True,False,False,False,False
2011,350000,110000,True,False,False,False,True,False,True,False,False,False,False
2012,480000,63000,False,False,False,True,False,False,True,False,False,False,False
2016,620000,60000,True,False,False,False,True,False,True,False,False,False,False
2014,250000,58000,False,False,False,True,True,False,True,False,False,False,False
2010,78692,80000,False,False,False,True,True,False,True,False,True,False,False
2012,350000,80000,True,False,False,False,True,False,True,False,False,False,False
2013,250000,70000,False,False,False,True,True,False,True,False,True,False,False
2011,260000,97700,False,False,False,True,True,False,True,True,False,False,False
2016,640000,36000,True,False,False,False,True,False,True,False,True,False,False
2008,220000,90000,True,False,False,False,True,False,True,False,True,False,False
2015,465000,130000,True,False,False,False,True,False,True,False,False,False,False
2010,229999,120000,True,False,False,False,True,False,True,False,True,False,False
2018,425000,15000,False,False,False,True,True,False,True,False,False,False,False
2008,95000,120000,False,False,False,True,True,False,True,False,False,False,True
2012,170000,170000,False,False,True,False,True,False,True,False,False,False,True
2016,229999,37500,False,False,False,True,True,False,True,False,True,False,False
1999,45000,50000,False,False,False,True,True,False,True,False,False,False,True
2007,479000,145000,False,False,False,True,True,False,True,False,False,False,True
2016,370000,60000,False,False,False,True,True,False,True,False,False,False,False
2016,340000,30000,False,False,False,True,True,False,True,False,False,False,False
2016,620000,35000,False,False,False,True,True,False,True,False,False,False,False
2012,270000,60000,True,False,False,False,True,False,True,False,False,False,False
2018,400000,35000,True,False,False,False,True,False,True,False,False,False,False
2015,260000,40000,False,False,False,True,True,False,True,False,False,False,False
2003,48000,50000,False,False,False,True,True,False,True,True,False,False,False
2015,100000,23800,False,False,False,True,True,False,True,False,True,False,False
2015,490000,70000,True,False,False,False,True,False,True,False,False,False,False
2010,120000,90000,False,False,True,False,True,False,True,False,True,False,False
2008,125000,102000,False,False,False,True,True,False,True,False,True,False,False
2013,160000,80000,False,False,False,True,True,False,True,False,False,False,False
2019,190000,5000,False,False,False,True,True,False,True,False,False,False,False
2019,1700000,10000,True,False,False,False,True,False,True,False,False,False,False
2011,250000,50000,False,False,False,True,True,False,True,False,False,False,False
2019,500000,15000,False,False,False,True,True,False,True,False,False,False,False
2008,400000,35000,False,False,False,True,True,False,True,False,True,False,False
2011,500000,20000,False,False,False,True,True,False,True,False,False,False,False
2014,1800000,99000,True,False,False,False,True,False,False,False,False,False,False
2008,320000,90000,False,False,False,True,True,False,True,False,False,False,False
2007,250000,47000,False,False,False,True,False,False,False,False,False,False,False
2010,105000,90000,True,False,False,False,True,False,True,False,False,False,True
2018,550000,20000,False,False,False,True,True,False,True,False,False,False,False
2019,600000,1100,False,False,False,True,True,False,False,False,False,False,False
2020,210000,40000,False,False,False,True,True,False,True,False,False,False,False
2012,210000,15000,False,False,False,True,True,False,True,False,False,False,False
2009,150000,40000,False,False,False,True,True,False,True,False,False,False,False
2008,125000,60000,False,False,False,True,True,False,True,False,False,False,False
2016,380000,20000,False,False,False,True,True,False,True,False,False,False,False
2019,600000,5000,False,False,False,True,True,False,True,False,False,False,False
2016,490000,27000,False,False,False,True,True,False,True,False,False,False,False
2018,545000,38000,True,False,False,False,True,False,True,False,True,False,False
2015,250000,25000,False,False,False,True,True,False,True,False,False,False,False
2020,1050000,1100,False,False,False,True,True,False,True,False,False,False,False
2007,100000,100000,False,False,False,True,True,False,True,False,False,False,False
2014,250000,100000,True,False,False,False,True,False,True,False,True,False,False
2007,100000,110000,False,False,False,True,True,False,True,False,False,False,False
2016,350000,60000,True,False,False,False,True,False,True,False,True,False,False
2012,370000,70000,True,False,False,False,True,False,True,False,True,False,False
2004,121000,110000,False,False,False,True,True,False,True,False,True,False,False
2017,570000,44077,False,False,False,True,False,False,False,False,False,False,False
2017,785000,24000,True,False,False,False,True,False,True,False,False,False,False
2018,850000,30000,True,False,False,False,True,False,True,False,False,False,False
2016,375000,30000,False,False,False,True,True,False,True,False,True,False,False
2017,619000,40000,False,False,False,True,True,False,True,False,False,False,False
2011,335000,90000,True,False,False,False,True,False,True,False,True,False,False
2006,500000,50000,True,False,False,False,True,False,True,False,False,False,False
2003,60000,100000,False,False,False,True,True,False,True,False,True,False,False
2010,130000,50000,False,False,False,True,True,False,True,False,True,False,False
2015,210000,210000,True,False,False,False,True,False,True,False,False,False,False
2019,1900000,20000,True,False,False,False,True,False,True,False,False,False,False
2013,270000,70000,True,False,False,False,True,False,True,False,True,False,False
2010,225000,100000,False,False,False,True,True,False,True,False,True,False,False
2011,150000,160000,False,False,False,True,True,False,True,False,True,False,False
2013,173000,70000,True,False,False,False,True,False,True,False,False,False,False
2018,4800000,9422,True,False,False,False,True,False,False,False,False,False,False
2017,710000,110000,True,False,False,False,True,False,False,False,False,False,False
2019,1500000,20000,False,False,False,True,True,False,True,False,False,False,False
2017,550000,20000,False,False,False,True,True,False,True,False,False,False,False
2008,58000,70000,False,False,False,True,True,False,True,False,True,False,False
2012,1200000,60000,False,False,False,True,True,False,False,False,False,False,True
2013,500000,150000,True,False,False,False,True,False,True,False,False,False,False
2009,120000,83000,False,False,False,True,True,False,True,False,True,False,False
2012,300000,250000,True,False,False,False,True,False,True,False,False,False,False
2018,300000,30000,False,False,False,True,True,False,True,False,False,False,False
2015,295000,21000,False,False,False,True,True,False,True,False,False,False,False
2018,587000,80000,False,False,False,False,True,False,True,False,False,False,False
2012,430000,50000,False,False,False,True,True,False,True,False,True,False,False
2007,123000,50000,False,False,False,True,True,False,True,False,True,False,False
2012,450000,48500,True,False,False,False,True,False,False,False,True,False,False
2007,130000,60000,False,False,False,True,True,False,True,False,False,False,True
2010,110000,90000,True,False,False,False,True,False,True,False,True,False,False
2010,200000,240000,True,False,False,False,True,False,True,False,False,False,True
2015,320000,70000,False,False,False,True,True,False,True,False,True,False,False
2014,300000,50000,False,False,False,True,True,False,True,False,False,False,False
2016,350000,110000,False,False,False,True,True,False,True,False,False,False,False
2018,800000,50000,False,False,False,True,True,False,True,False,False,False,False
2016,270000,175000,True,False,False,False,True,False,True,False,False,False,False
2017,540000,60000,False,False,False,True,True,False,True,False,False,False,False
2011,160000,60000,False,False,False,False,True,False,True,False,True,False,False
2013,340000,100000,True,False,False,False,True,False,True,False,True,False,False
2017,350000,40000,False,False,False,True,True,False,True,False,True,False,False
2011,300000,100000,True,False,False,False,True,False,True,False,False,False,False
2013,330000,63000,True,False,False,False,True,False,True,False,False,False,False
2016,325000,80000,False,False,False,False,True,False,True,False,True,False,False
2013,250000,55000,True,False,False,False,True,False,True,False,False,False,False
2013,250000,55000,True,False,False,False,True,False,True,False,False,False,False
2015,240000,60000,False,False,False,True,True,False,True,False,False,False,False
2020,545000,5000,False,False,False,True,True,False,True,False,False,False,False
2015,300000,48000,False,False,False,True,False,False,True,False,False,False,False
2010,130000,80000,False,False,False,True,True,False,True,False,True,False,False
2017,240000,50000,False,False,False,True,True,False,True,False,False,False,False
2018,360000,15000,False,False,False,True,True,False,True,False,False,False,False
2012,250000,70000,True,False,False,False,True,False,True,False,False,False,False
2019,475000,105000,True,False,False,False,False,False,False,False,False,False,False
2016,600000,50000,True,False,False,False,True,False,True,False,True,False,False
2010,150000,80000,True,False,False,False,True,False,True,False,True,False,False
2017,700000,50000,True,False,False,False,True,False,True,False,False,False,False
2016,1290000,5000,True,False,False,False,True,False,True,False,False,False,False
2004,80000,58000,False,False,False,True,True,False,True,False,False,False,False
2015,425000,12000,False,False,False,True,True,False,True,False,False,False,False
2018,500000,10000,False,False,False,True,True,False,False,False,False,False,False
2012,193000,45000,False,False,False,True,True,False,True,False,True,False,False
2015,800000,10000,False,False,False,True,True,False,True,False,False,False,False
2008,150000,50000,False,False,False,True,True,False,True,False,False,False,False
2002,80000,40000,False,False,False,True,True,False,True,True,False,False,False
2010,130000,100000,True,False,False,False,True,False,True,False,False,False,True
2012,280000,80000,True,False,False,False,True,False,True,False,True,False,False
2011,229999,110000,True,False,False,False,True,False,True,False,True,False,False
2008,80000,120000,False,False,False,True,True,False,True,False,False,False,False
2010,70000,10000,False,False,False,True,True,False,True,False,False,False,False
2013,240000,60000,True,False,False,False,True,False,True,False,True,False,False
2010,380000,72000,True,False,False,False,True,False,True,False,True,False,False
2013,240000,60000,True,False,False,False,True,False,True,False,True,False,False
2006,80000,110000,False,False,False,True,True,False,True,False,False,False,False
2013,265000,50000,False,False,False,True,True,False,True,False,False,False,False
2018,320000,25000,False,False,False,True,True,False,True,False,False,False,False
2014,500000,120000,True,False,False,False,True,False,True,False,False,False,True
2016,1300000,55000,True,False,False,False,True,False,True,False,False,False,False
2018,1500000,35000,True,False,False,False,True,False,True,False,False,False,False
2016,1800000,110000,True,False,False,False,True,False,False,False,False,False,False
2014,600000,80000,True,False,False,False,True,False,True,False,True,False,False
2018,420000,80000,False,False,False,True,True,False,True,False,False,False,False
2009,140000,120000,False,False,False,True,True,False,True,False,False,False,False
2010,300000,100000,True,False,False,False,True,False,True,False,True,False,False
2006,100000,60000,False,False,False,True,False,False,True,False,True,False,False
2017,350000,25000,False,False,False,True,False,False,True,False,False,False,False
2018,850000,19000,False,False,False,True,False,False,True,False,False,False,False
2008,140000,54000,False,False,False,True,False,False,True,False,False,False,False
2015,550000,17100,False,False,False,True,False,False,True,False,True,False,False
2017,525000,19000,False,False,False,True,False,False,False,False,False,False,False
2015,470000,146000,True,False,False,False,False,False,True,False,False,False,False
2013,900000,98000,True,False,False,False,False,False,False,False,False,False,False
2011,500000,224642,True,False,False,False,False,False,True,False,True,False,False
1998,80000,120000,False,False,False,True,True,False,True,False,True,False,False
2011,175000,175000,True,False,False,False,True,False,True,False,False,False,False
2017,1350000,15000,True,False,False,False,True,False,False,False,True,False,False
2017,800000,50000,True,False,False,False,True,False,True,False,False,False,False
2017,250000,15000,False,False,False,True,True,False,True,False,False,False,False
2018,700000,25000,False,False,False,True,True,False,False,False,False,False,False
2019,800000,25000,True,False,False,False,True,False,True,False,False,False,False
2013,660000,69000,True,False,False,False,True,False,True,False,False,False,False
2015,465000,60000,True,False,False,False,True,False,True,False,False,False,True
2006,180000,222435,True,False,False,False,True,False,True,False,True,False,False
2017,600000,66000,True,False,False,False,True,False,True,False,False,False,True
2010,150000,110000,False,False,False,True,True,False,True,False,False,False,False
2014,450000,78000,True,False,False,False,True,False,True,False,True,False,False
2019,721000,10000,False,False,False,True,True,False,True,False,False,False,False
2018,300000,35000,False,False,False,True,True,False,True,False,False,False,False
2019,1000000,10000,True,False,False,False,True,False,True,False,False,False,False
2016,300000,40000,False,False,False,True,True,False,True,False,False,False,False
2013,450000,120000,True,False,False,False,True,False,True,False,False,False,False
1997,79000,70000,False,False,False,True,True,False,False,False,False,False,False
2017,545000,40000,True,False,False,False,True,False,True,False,False,False,False
2018,844999,20000,True,False,False,False,True,False,True,False,False,False,False
2016,700000,93000,True,False,False,False,True,False,True,False,False,False,False
2016,650000,159000,True,False,False,False,True,False,True,False,False,False,False
2014,525000,75000,True,False,False,False,True,False,True,False,True,False,False
2006,110000,101100,True,False,False,False,True,False,True,False,False,False,True
2011,180000,66000,True,False,False,False,True,False,True,False,False,False,False
2012,280000,30000,False,False,False,True,True,False,True,False,True,False,False
2019,400000,10000,False,False,False,True,True,False,True,False,False,False,False
2012,625000,126000,True,False,False,False,True,False,True,False,True,False,False
2015,535000,70000,True,False,False,False,True,False,True,False,False,False,False
2017,459999,50000,True,False,False,False,True,False,True,False,False,False,False
2010,300000,100000,True,False,False,False,True,False,True,False,False,False,False
2007,280000,60000,False,False,False,True,True,False,False,False,False,False,False
2014,500000,70000,False,False,False,True,True,False,True,False,False,False,False
2019,1200000,1200,False,False,False,True,True,False,True,False,False,False,False
2016,300000,40000,False,False,False,True,True,False,True,False,False,False,False
2011,180000,80000,True,False,False,False,True,False,True,False,False,False,True
2011,180000,134444,False,False,False,True,True,False,False,False,True,False,False
2009,78000,120000,False,False,False,True,True,False,True,False,True,False,False
2011,160000,120000,True,False,False,False,True,False,True,False,False,False,False
2014,600000,238000,True,False,False,False,True,False,True,False,False,False,False
2008,110000,100000,False,False,False,True,True,False,True,False,True,False,False
2011,450000,110000,True,False,False,False,True,False,True,False,True,False,False
2019,1350000,35000,True,False,False,False,True,False,True,False,False,False,False
2003,120000,165000,False,False,False,True,True,False,True,False,True,False,False
2018,1040000,42000,True,False,False,False,True,False,True,False,False,False,False
2014,390000,70000,True,False,False,False,True,False,True,False,True,False,False
2011,65000,60000,False,False,False,True,True,False,True,False,True,False,False
2013,320000,115000,True,False,False,False,True,False,True,False,False,False,True
2017,720000,70000,True,False,False,False,True,False,True,False,False,False,False
2007,220000,80000,False,False,False,True,True,False,True,False,True,False,False
2011,225000,65000,False,False,False,True,False,False,True,False,False,False,False
2010,200000,150000,True,False,False,False,True,False,True,False,True,False,False
2015,434999,75000,True,False,False,False,False,False,True,False,True,False,False
2012,300000,63700,True,False,False,False,True,False,True,False,False,False,False
2018,700000,74800,True,False,False,False,True,False,True,False,False,False,False
2009,500000,105000,True,False,False,False,True,False,True,False,True,False,False
2016,500000,40000,True,False,False,False,True,False,True,False,False,False,False
2016,400000,90000,True,False,False,False,True,False,True,False,True,False,False
2015,825000,75000,True,False,False,False,False,False,True,False,True,False,False
2018,720000,15000,True,False,False,False,True,False,True,False,False,False,False
2009,110000,30000,False,False,False,True,True,False,True,False,True,False,False
2014,600000,100000,True,False,False,False,True,False,True,False,True,False,False
2009,275000,155000,True,False,False,False,True,False,False,False,False,False,True
2012,2349000,149000,True,False,False,False,True,False,False,False,True,False,False
2017,740000,60000,True,False,False,False,True,False,True,False,False,False,False
2017,800000,90000,True,False,False,False,True,False,True,False,False,False,False
2019,1100000,100000,True,False,False,False,True,False,True,False,False,False,False
2012,750000,100000,True,False,False,False,True,False,False,False,True,False,False
2012,200000,90000,False,False,False,True,True,False,True,False,True,False,False
2009,210000,75000,True,False,False,False,True,False,True,False,False,False,False
2009,270000,120000,True,False,False,False,True,False,True,False,True,False,False
2016,630000,90000,True,False,False,False,True,False,True,False,True,False,False
2015,375000,55000,False,False,False,True,True,False,True,False,False,False,False
2010,300000,70000,True,False,False,False,True,False,True,False,False,False,False
2016,580000,95000,True,False,False,False,True,False,True,False,True,False,False
2014,550000,50000,True,False,False,False,True,False,True,False,False,False,False
2016,750000,50000,True,False,False,False,True,False,True,False,False,False,False
2014,250000,60516,False,False,False,True,True,False,True,False,False,False,False
2012,434999,235000,True,False,False,False,True,False,True,False,True,False,False
2007,900000,76731,True,False,False,False,False,False,False,False,False,False,False
2016,685000,64000,True,False,False,False,False,False,True,False,False,False,False
2014,540000,65000,True,False,False,False,False,False,True,False,False,False,False
2018,1165000,13000,False,False,False,True,False,False,False,False,False,True,False
2014,610000,77000,True,False,False,False,False,False,True,False,False,False,False
2011,254999,24000,False,False,False,True,False,False,True,False,False,False,False
2014,280000,63840,False,False,False,True,False,False,True,False,False,False,False
2017,370000,25000,False,False,False,True,True,False,True,False,False,False,False
2011,459999,76400,True,False,False,False,True,False,True,False,True,False,False
1998,42000,70000,False,False,False,True,True,False,True,False,False,False,True
1998,42000,70000,False,False,False,True,True,False,True,False,False,False,True
2011,190000,80000,True,False,False,False,True,False,True,False,False,False,True
2010,165000,100000,False,False,False,True,True,False,True,True,False,False,False
2017,710000,40000,True,False,False,False,True,False,True,False,False,False,False
2018,1200000,15000,False,False,False,True,True,False,True,False,False,False,False
2011,229999,70000,False,False,False,True,True,False,True,False,False,False,False
2018,310000,15000,False,False,False,True,True,False,True,False,False,False,False
2015,320000,40000,False,False,False,True,True,False,True,False,False,False,False
2006,100000,54000,False,False,False,True,True,False,True,False,False,False,False
2009,160000,90000,True,False,False,False,True,False,True,False,False,False,False
2007,60000,52000,False,False,False,True,True,False,True,False,False,False,False
2012,100000,200000,True,False,False,False,True,False,True,False,False,False,True
2016,350000,35000,True,False,False,False,True,False,True,False,True,False,False
2017,700000,60000,True,False,False,False,True,False,True,False,False,False,False
2017,300000,31489,False,False,False,True,True,False,True,False,False,False,False
2018,830000,40000,True,False,False,False,True,False,True,False,False,False,False
2013,220000,110000,True,False,False,False,True,False,True,False,False,False,False
2009,130000,50000,True,False,False,False,True,False,True,False,False,False,False
2012,330000,44000,False,False,False,True,True,False,True,False,False,False,False
2010,254999,90000,False,False,False,True,True,False,True,False,True,False,False
2014,600000,50000,False,False,False,True,True,False,True,False,True,False,False
2012,210000,50000,False,False,False,True,True,False,True,False,False,False,False
2007,120000,81366,False,False,False,True,True,False,True,False,False,False,False
2006,95000,110000,False,False,False,True,True,False,True,False,False,False,False
2006,229999,300000,True,False,False,False,True,False,True,False,False,False,False
2010,229999,70000,False,False,False,True,True,False,True,False,False,False,False
2013,400000,100000,True,False,False,False,True,False,True,False,False,False,False
2005,300000,70000,False,False,False,True,True,False,True,False,True,False,False
2013,300000,50000,True,False,False,False,True,False,True,False,False,False,False
2009,80000,180000,True,False,False,False,True,False,True,False,True,False,False
2008,80000,50000,False,False,False,True,True,False,True,False,True,False,False
2007,100000,90000,False,False,False,True,True,False,True,False,True,False,False
2012,300000,110000,True,False,False,False,True,False,True,False,False,False,False
2018,700000,26000,False,False,False,True,True,False,False,False,False,False,False
2016,975000,65000,True,False,False,False,True,False,True,False,False,False,False
2009,500000,130000,True,False,False,False,True,False,True,False,False,False,False
2013,550000,75000,True,False,False,False,True,False,True,False,True,False,False
2014,550000,110000,True,False,False,False,True,False,True,False,True,False,False
2014,240000,50000,False,False,False,True,True,False,True,False,False,False,False
1997,50000,80000,False,False,False,True,True,False,True,False,True,False,False
2009,120000,80000,False,False,False,True,True,False,True,False,True,False,False
2013,900000,60000,False,False,False,True,True,False,True,False,True,False,False
2009,250000,90000,False,False,False,True,True,False,True,False,True,False,False
2017,280000,36000,False,False,False,True,True,False,True,False,False,False,False
2010,85000,87000,True,False,False,False,True,False,True,False,False,False,False
2011,90000,80000,True,False,False,False,True,False,True,False,False,False,False
2015,500000,50000,True,False,False,False,True,False,True,False,False,False,False
2013,200000,60000,False,False,False,True,True,False,True,False,False,False,False
2015,250000,50000,False,False,False,True,True,False,True,False,False,False,False
2014,185000,40000,True,False,False,False,True,False,True,False,False,False,True
2008,100000,60000,False,False,False,True,True,False,True,False,True,False,False
2015,610000,55000,True,False,False,False,True,False,True,False,False,False,False
2012,290000,80000,True,False,False,False,True,False,True,False,False,False,False
2012,300000,295000,True,False,False,False,True,False,True,False,False,False,False
2015,225000,80000,False,False,False,True,True,False,True,False,False,False,False
2017,320000,50000,False,False,False,True,True,False,True,False,True,False,False
2012,135000,158000,True,False,False,False,True,False,True,False,False,False,True
2006,400000,400000,True,False,False,False,True,False,True,False,False,False,True
2016,400000,25000,False,False,False,True,True,False,True,False,False,False,False
2017,570000,35000,False,False,False,True,True,False,True,False,False,False,False
2018,500000,12000,False,False,False,True,True,False,True,False,False,False,False
2015,130000,70000,False,False,False,True,True,False,True,False,False,False,False
2018,360000,4000,False,False,False,True,True,False,True,False,False,False,False
2017,530000,10832,False,False,False,True,False,False,True,False,False,False,False
2009,250000,50000,False,False,False,True,True,False,True,False,False,False,False
2016,600000,19495,False,False,False,True,False,False,True,False,False,False,False
2013,570000,62668,True,False,False,False,False,False,True,False,False,False,False
2013,850000,85710,True,False,False,False,False,False,True,False,False,False,False
2011,250000,55130,True,False,False,False,False,False,True,False,True,False,False
2014,580000,63356,True,False,False,False,False,False,True,False,True,False,False
2012,1680000,129627,True,False,False,False,False,False,True,False,False,False,False
2010,180000,15000,False,False,False,True,True,False,True,False,False,False,False
2017,300000,50000,False,False,False,True,True,False,True,False,False,False,False
2012,269000,70000,False,False,False,True,True,False,True,False,True,False,False
2018,231999,20000,False,False,False,True,True,False,True,False,False,False,False
2011,150000,60000,False,False,False,True,True,False,True,False,False,False,True
2017,495000,5000,False,False,False,True,True,False,True,False,False,False,False
2014,700000,15000,False,False,False,True,True,False,True,False,False,False,False
2018,400000,4400,False,False,False,True,True,False,True,False,True,False,False
2019,599000,15000,True,False,False,False,True,False,True,False,False,False,True
2013,421000,45000,True,False,False,False,True,False,True,False,False,False,False
2018,841000,1000,True,False,False,False,True,False,True,False,False,False,False
2014,295000,38500,False,False,False,True,True,False,True,False,False,False,False
2011,220000,25000,False,False,False,True,True,False,True,False,False,False,False
2013,250000,35000,True,False,False,False,True,False,True,False,False,False,False
2009,1100000,110000,True,False,False,False,True,False,True,False,True,False,False
2012,300000,40000,False,False,False,True,True,False,True,False,False,False,False
2007,80000,110000,False,False,False,True,True,False,True,False,True,False,False
2013,215000,20000,True,False,False,False,True,False,True,False,False,False,True
2012,245000,14987,False,False,False,True,False,False,True,False,False,False,False
2016,650000,25061,True,False,False,False,False,False,True,False,False,False,False
2017,760000,42494,True,False,False,False,False,False,True,False,False,False,False
2014,395000,44875,True,False,False,False,False,False,True,False,False,False,False
2014,280000,89741,True,False,False,False,False,False,True,False,True,False,False
2016,495000,65000,True,False,False,False,False,False,True,False,False,False,False
2016,525000,35000,True,False,False,False,False,False,True,False,False,False,False
2009,420000,347089,True,False,False,False,False,False,True,False,False,False,False
2010,210000,34500,True,False,False,False,True,False,True,False,False,False,False
2018,650000,30000,False,False,False,True,True,False,True,False,False,False,False
2018,2300000,39000,True,False,False,False,True,False,False,False,False,False,False
2019,525000,16000,True,False,False,False,True,False,True,False,False,False,False
2010,195000,80000,False,False,False,False,True,False,True,False,True,False,False
2016,650000,60000,True,False,False,False,True,False,True,False,False,False,False
2015,540000,110000,True,False,False,False,True,False,True,False,False,False,False
2014,180000,61000,False,False,False,True,True,False,True,False,False,False,False
2017,750000,29000,True,False,False,False,True,False,True,False,False,False,False
2018,980000,50000,True,False,False,False,True,False,True,False,False,False,False
2014,250000,90000,True,False,False,False,True,False,True,False,False,False,False
2018,550000,35000,False,False,False,True,True,False,False,False,False,False,False
2015,509999,43000,False,False,False,True,True,False,True,False,True,False,False
2017,320000,50000,False,False,False,True,True,False,True,False,False,False,False
2016,275000,25000,False,False,False,True,True,False,True,False,False,False,False
2013,550000,222252,True,False,False,False,True,False,True,False,False,False,False
2009,145000,50000,False,False,False,True,True,False,True,False,True,False,False
2013,250000,80000,True,False,False,False,True,False,True,False,False,False,False
2012,520000,35000,True,False,False,False,True,False,True,False,False,False,False
2007,95000,85000,False,False,False,True,True,False,True,False,True,False,False
2011,725000,110000,True,False,False,False,True,False,True,False,False,False,True
2006,55000,70000,False,False,False,True,True,False,True,False,True,False,False
2014,600000,100000,True,False,False,False,True,False,True,False,False,False,False
2013,330000,120000,True,False,False,False,True,False,True,False,True,False,False
2015,470000,89000,True,False,False,False,True,False,True,False,False,False,False
2013,365000,120000,True,False,False,False,True,False,True,False,False,False,False
2013,250000,40000,False,False,False,True,True,False,True,False,True,False,False
2017,430000,17000,False,False,False,True,True,False,True,False,False,False,False
2013,400000,125000,True,False,False,False,True,False,True,False,True,False,False
2015,615000,110000,False,False,False,True,True,False,True,False,True,False,False
2011,150000,120000,True,False,False,False,True,False,True,False,True,False,False
2014,240000,90000,True,False,False,False,True,False,True,False,False,False,False
2014,800000,90000,True,False,False,False,True,False,True,False,False,False,False
2015,240000,110000,False,False,True,False,True,False,True,False,False,False,False
2014,600000,87000,True,False,False,False,True,False,True,False,True,False,False
2014,800000,15000,True,False,False,False,True,False,True,False,False,False,False
2015,160000,70000,False,False,False,True,True,False,True,False,False,False,False
2012,350000,38000,False,False,False,True,True,False,True,False,False,False,False
2011,300000,64000,False,False,False,True,True,False,True,False,True,False,False
2015,399000,55250,True,False,False,False,True,False,True,False,False,False,False
2011,300000,110000,True,False,False,False,True,False,True,False,False,False,False
2012,150000,70000,False,False,False,True,True,False,False,False,False,False,False
2010,320000,60000,True,False,False,False,True,False,True,False,False,False,True
2018,1280000,17000,True,False,False,False,True,False,True,False,False,False,False
2017,300000,13000,False,False,False,True,True,False,True,False,True,False,False
2016,1000000,60000,True,False,False,False,True,False,True,False,False,False,False
2012,1090000,120000,True,False,False,False,True,False,True,False,True,False,False
2012,450000,97000,True,False,False,False,True,False,True,False,True,False,False
2007,60000,130000,False,False,False,True,True,False,True,False,True,False,False
2013,500000,50000,False,False,False,True,True,False,True,False,False,False,False
2012,200000,120000,True,False,False,False,True,False,True,False,True,False,False
2015,650000,68000,True,False,False,False,True,False,True,False,False,False,False
2006,60000,100000,False,False,False,True,True,False,True,False,True,False,False
2013,250999,80000,True,False,False,False,True,False,True,False,False,False,False
2012,185000,67000,False,False,False,False,False,False,True,False,True,False,False
2015,155000,60000,False,False,False,True,True,False,True,False,False,False,False
2019,600000,5000,False,False,False,True,True,False,True,False,False,False,False
2016,300000,20000,False,False,False,True,True,False,True,False,False,False,False
2018,850000,12500,False,False,False,True,True,False,True,False,False,False,False
2019,470000,4000,False,False,False,False,True,False,True,False,False,False,False
2019,600000,25000,False,False,False,True,True,False,True,False,False,False,False
2013,700000,70000,True,False,False,False,True,False,True,False,True,False,False
2007,70000,162000,False,False,True,False,True,False,True,False,False,False,False
2010,1250000,205000,True,False,False,False,True,False,True,False,True,False,False
2008,650000,70000,False,False,False,True,True,False,False,False,False,False,True
2018,450000,70000,True,False,False,False,True,False,True,False,True,False,False
2014,750000,100000,True,False,False,False,True,False,True,False,True,False,False
2013,775000,70000,True,False,False,False,True,False,True,False,True,False,False
2011,800000,220000,True,False,False,False,True,False,True,False,False,False,False
2015,360000,80000,False,False,False,True,True,False,True,False,True,False,False
2010,250000,120000,True,False,False,False,True,False,True,False,False,False,False
2017,1490000,22038,True,False,False,False,True,False,True,False,False,False,False
2013,600000,80000,True,False,False,False,True,False,True,False,False,False,False
2010,120000,90000,False,False,False,True,True,False,True,False,False,False,False
2012,320000,140000,True,False,False,False,True,False,True,False,True,False,False
2011,400000,120000,True,False,False,False,True,False,True,False,True,False,False
2015,302000,60000,True,False,False,False,True,False,True,False,False,False,False
2011,130000,80000,True,False,False,False,True,False,True,False,True,False,False
2014,150000,60000,False,False,False,True,True,False,True,False,True,False,False
2012,200000,90000,True,False,False,False,True,False,True,False,True,False,False
2012,950000,80000,True,False,False,False,True,False,True,False,False,False,False
2008,120000,175000,True,False,False,False,True,False,True,False,True,False,False
2019,1400000,10000,True,False,False,False,True,False,True,False,False,False,False
2017,620000,65000,False,False,False,True,True,False,True,False,False,False,False
2012,449000,90000,True,False,False,False,True,False,True,False,False,False,False
2007,100000,70000,False,False,False,True,True,False,True,False,False,False,False
2018,600000,2500,False,False,False,True,True,False,True,False,False,False,False
2016,700000,35000,True,False,False,False,True,False,True,False,False,False,False
2012,250000,40000,True,False,False,False,True,False,True,False,False,False,False
2018,550000,63000,False,False,False,True,True,False,True,False,False,False,False
2013,675000,88000,True,False,False,False,False,False,False,False,False,False,False
2015,530000,55000,True,False,False,False,False,False,True,False,False,False,False
2014,325000,71014,True,False,False,False,False,False,True,False,False,False,False
2015,370000,60000,True,False,False,False,False,False,True,False,False,False,False
2014,360000,70000,True,False,False,False,True,False,True,False,False,False,False
2012,650000,60000,False,False,False,True,False,False,False,False,False,False,False
2012,199000,92000,True,False,False,False,False,False,True,False,False,False,True
2014,285000,89126,True,False,False,False,True,False,True,False,False,False,False
2009,260000,134000,True,False,False,False,True,False,False,False,False,False,False
2019,869999,15000,False,False,False,True,False,False,False,False,False,False,False
2016,425000,42500,True,False,False,False,False,False,True,False,False,False,False
2012,490000,42000,True,False,False,False,False,False,False,False,False,False,False
2015,750000,70000,True,False,False,False,True,False,False,False,True,False,False
2004,125000,110000,False,False,False,True,True,False,True,False,False,False,True
2014,221000,131365,True,False,False,False,True,False,True,False,False,False,False
2016,724000,48980,True,False,False,False,False,False,False,False,False,False,False
2014,440000,46000,False,False,False,True,False,False,False,False,False,False,False
2009,70000,60000,False,False,False,True,True,False,True,False,False,False,True
2015,511000,58000,True,False,False,False,False,False,True,False,False,False,False
2016,790000,22000,True,False,False,False,False,False,True,False,False,False,False
2017,640000,37000,False,False,False,True,True,False,True,False,False,False,False
2009,120000,70000,False,False,False,True,True,False,True,True,False,False,False
2012,126000,98900,True,False,False,False,True,False,True,False,False,False,True
2012,120000,125000,True,False,False,False,True,False,True,False,False,False,False
2017,650000,60000,True,False,False,False,True,False,True,False,False,False,False
2014,450000,80000,False,False,False,True,True,False,True,False,True,False,False
2010,110000,80000,False,False,False,False,True,False,True,True,False,False,False
2017,600000,40000,True,False,False,False,True,False,True,False,False,False,False
2012,620000,80000,True,False,False,False,True,False,True,False,True,False,False
2014,600000,30000,True,False,False,False,True,False,True,False,False,False,False
2018,795000,35000,True,False,False,False,True,False,True,False,False,False,False
2011,300000,180000,True,False,False,False,True,False,True,False,False,False,True
2015,495000,60000,True,False,False,False,True,False,True,False,False,False,False
2013,1580000,86000,True,False,False,False,False,False,False,False,False,False,False
2015,1750000,127643,True,False,False,False,False,False,False,False,False,False,False
2018,1350000,34000,True,False,False,False,True,False,False,False,False,False,False
2014,350000,145000,True,False,False,False,True,False,True,False,False,False,False
2018,300000,25000,False,False,False,True,True,False,False,False,False,False,False
2018,400000,54000,False,False,False,True,False,False,True,False,True,False,False
2014,1750000,102354,True,False,False,False,False,False,False,False,False,False,False
1999,70000,70000,False,False,False,True,True,False,True,True,False,False,False
2018,500000,70000,True,False,False,False,True,False,True,False,False,False,False
2017,2575000,36000,True,False,False,False,False,False,False,False,False,False,False
2014,345000,58000,False,False,False,True,False,False,True,False,False,False,False
2013,220000,100000,True,False,False,False,True,False,True,False,False,False,False
2014,1850000,62237,False,False,False,True,False,False,False,False,False,False,False
2005,114999,90000,False,False,False,True,False,False,True,False,True,False,False
1999,50000,100000,False,False,False,True,True,False,True,False,True,False,False
2017,585000,14000,False,False,False,True,False,False,True,False,False,False,False
2018,950000,21394,True,False,False,False,False,False,True,False,False,False,False
2018,625000,13800,False,False,False,True,True,False,False,False,False,False,False
2017,1035000,23000,False,False,False,True,False,False,False,False,False,False,False
2015,310000,32686,False,False,False,True,False,False,True,False,False,False,False
2017,600000,99700,True,False,False,False,True,False,True,False,False,False,False
2019,3100000,5000,True,False,False,False,True,False,False,False,False,False,False
2014,650000,49654,True,False,False,False,False,False,True,False,False,False,False
2016,550000,45457,False,False,False,True,False,False,True,False,False,False,False
2017,1260000,39221,True,False,False,False,False,False,True,False,False,False,False
2016,660000,48220,False,False,False,True,False,False,True,False,False,False,False
2017,700000,11114,False,False,False,True,False,False,True,False,False,False,False
2008,235000,60208,True,False,False,False,False,False,True,False,False,False,False
2013,475000,80000,True,False,False,False,False,False,True,False,False,False,False
2008,795000,98600,True,False,False,False,False,False,False,False,False,False,False
2016,8900000,13000,False,False,False,True,False,False,False,False,False,False,False
2015,3200000,30000,True,False,False,False,False,False,False,False,False,False,False
2019,1860000,18000,False,False,False,True,False,False,False,False,False,False,False
2010,4200000,100000,True,False,False,False,False,False,False,False,False,False,False
2015,850000,58000,False,False,False,True,False,False,False,False,False,False,False
2017,585000,85441,True,False,False,False,False,False,True,False,False,False,False
2015,380000,64541,True,False,False,False,False,False,True,False,False,False,False
2019,650000,35000,True,False,False,False,True,False,True,False,False,False,False
2018,600000,30000,False,False,False,True,True,False,True,False,False,False,False
2017,434999,16267,False,False,False,True,False,False,True,False,False,False,False
2013,525000,71500,True,False,False,False,False,False,True,False,False,False,False
2019,4800000,12999,True,False,False,False,False,False,False,False,False,False,False
2008,160000,80000,False,False,False,True,True,False,True,False,False,False,False
2007,160000,90000,False,False,False,True,True,False,True,False,True,False,False
2012,125000,28000,False,False,False,True,True,False,True,False,False,False,False
2015,430000,200000,True,False,False,False,True,False,True,False,False,False,False
2017,900000,14700,False,False,False,True,True,False,True,False,False,False,False
2000,61000,90000,False,False,False,True,True,False,True,False,True,False,False
2017,400000,50000,False,False,False,True,True,False,True,False,False,False,False
2009,150000,100000,False,False,False,True,True,False,True,False,True,False,False
2019,950000,24000,False,False,False,True,True,False,False,False,False,False,False
2013,220000,100000,True,False,False,False,True,False,True,False,False,False,False
2007,110000,90000,False,False,False,True,True,False,True,False,False,False,False
2015,375000,30000,False,False,False,True,True,False,True,False,False,False,False
2017,350000,80000,False,False,False,True,True,False,True,False,False,False,False
2012,310000,92686,True,False,False,False,False,False,True,False,True,False,False
2010,90000,300000,False,False,False,True,True,False,True,False,False,False,True
2011,350000,90000,False,False,False,True,True,False,True,False,True,False,False
2003,100000,60000,False,False,False,True,True,False,True,False,False,False,False
2017,1300000,40000,True,False,False,False,True,False,False,False,False,False,False
2004,70000,90000,False,False,False,True,True,False,True,True,False,False,False
2013,225000,80000,True,False,False,False,True,False,True,False,False,False,False
2002,145000,100000,False,False,False,True,True,False,True,False,False,False,False
2018,930000,20000,True,False,False,False,True,False,True,False,False,False,False
2019,550000,51000,False,False,False,True,True,False,True,False,False,False,False
2008,85000,120000,False,False,False,True,True,False,True,False,True,False,False
2014,280000,55000,False,False,False,True,True,False,True,False,False,False,False
2018,360000,6000,False,False,False,True,True,False,True,False,False,False,False
2011,150000,40000,False,False,False,True,True,False,True,False,True,False,False
2017,900000,15000,False,False,False,True,True,False,False,False,False,False,False
2005,120000,50000,True,False,False,False,True,False,True,False,True,False,False
2010,215000,90000,False,False,False,True,True,False,True,False,True,False,False
2013,550000,38500,True,False,False,False,True,False,True,False,False,False,False
2018,775000,35000,False,False,False,True,True,False,True,False,False,False,False
2001,409999,49359,False,False,False,True,True,False,True,False,False,False,True
2005,65000,70000,False,False,False,True,True,False,True,False,True,False,False
2008,200000,90000,False,False,False,True,True,False,True,False,True,False,False
2010,240000,50000,False,False,False,True,True,False,True,False,True,False,False
2012,800000,108731,True,False,False,False,True,False,True,False,False,False,False
2010,400000,120000,True,False,False,False,True,False,True,False,False,False,False
2016,500000,60000,True,False,False,False,True,False,True,False,False,False,False
2007,150000,90000,True,False,False,False,True,False,True,False,False,False,True
2014,500000,140000,True,False,False,False,True,False,True,False,True,False,False
2014,320000,80000,False,False,False,True,True,False,True,False,False,False,False
2013,300000,90000,True,False,False,False,True,False,True,False,False,False,False
2017,650000,40000,True,False,False,False,True,False,True,False,False,False,False
2018,285000,14000,False,False,False,True,True,False,True,False,False,False,False
2012,360000,70000,True,False,False,False,True,False,True,False,True,False,False
2009,450000,55000,False,False,False,True,True,False,True,False,True,False,False
2011,175000,60000,False,False,False,True,True,False,True,False,False,False,True
2011,350000,74000,True,False,False,False,True,False,True,False,True,False,False
2020,530000,45000,True,False,False,False,False,False,True,False,False,False,False
2017,1025000,38000,True,False,False,False,False,False,True,False,False,False,False
2017,950000,24000,True,False,False,False,False,False,True,False,False,False,False
2017,725000,29976,False,False,False,True,False,False,True,False,False,False,False
2017,919999,41000,False,False,False,True,False,False,True,False,False,False,False
2018,700000,15000,True,False,False,False,False,False,True,False,False,False,False
2017,725000,36000,True,False,False,False,False,False,True,False,False,False,False
2017,840000,30646,False,False,False,True,False,False,True,False,False,False,False
2015,365000,23600,False,False,False,True,False,False,True,False,False,False,False
2014,665000,71318,True,False,False,False,False,False,True,False,False,False,False
2003,50000,78098,False,False,False,True,True,False,True,False,False,False,False
2014,225000,30000,False,False,False,True,True,False,True,False,False,False,False
2012,229999,45000,False,False,False,True,True,False,True,False,True,False,False
2008,145000,67000,False,False,False,True,True,False,True,False,False,False,False
2018,624000,14681,True,False,False,False,False,False,True,False,False,False,False
2015,500000,25000,False,False,False,True,True,False,True,False,False,False,False
2017,750000,18054,False,False,False,True,False,False,True,False,False,False,False
2015,785000,40000,True,False,False,False,True,False,True,False,False,False,False
2011,225000,30000,False,False,False,True,True,False,True,False,False,False,False
2017,300000,80000,True,False,False,False,True,False,True,False,False,False,False
2016,680000,20000,True,False,False,False,True,False,True,False,False,False,False
2016,700000,40000,True,False,False,False,True,False,True,False,False,False,False
2011,180000,120000,True,False,False,False,True,False,True,False,False,False,False
2008,270000,120000,True,False,False,False,True,False,True,False,True,False,False
2010,370000,97000,False,False,False,True,True,False,True,False,True,False,False
2018,1100000,70000,True,False,False,False,True,False,True,False,False,False,False
2004,120000,120000,True,False,False,False,True,False,True,False,True,False,False
2013,430000,88000,True,False,False,False,True,False,True,False,True,False,False
2014,550000,38406,True,False,False,False,False,False,True,False,False,False,False
2014,320000,54350,False,False,False,True,False,False,True,False,False,False,False
2015,390000,32260,False,False,False,True,False,False,True,False,False,False,False
2014,550000,58231,True,False,False,False,False,False,True,False,False,False,False
2012,370000,59858,False,False,False,True,False,False,True,False,False,False,False
2010,190000,73350,False,False,False,True,False,False,True,False,False,False,False
2013,509999,88473,True,False,False,False,False,False,True,False,False,False,False
2013,450000,96987,False,False,False,True,False,False,True,False,False,False,False
2016,5500000,77350,True,False,False,False,False,False,False,False,False,False,False
2015,550000,61187,True,False,False,False,False,False,True,False,False,False,False
2009,400000,68350,True,False,False,False,False,False,True,False,False,False,False
2015,585000,81150,True,False,False,False,False,False,True,False,False,False,False
2019,500000,30000,False,False,False,True,True,False,True,False,False,False,False
2015,800000,30000,False,False,False,True,True,False,True,False,False,False,False
2009,265000,120000,True,False,False,False,True,False,True,False,True,False,False
2012,175000,180000,True,False,False,False,True,False,True,False,False,False,False
2007,125000,50000,False,False,False,True,True,False,True,False,True,False,False
2010,165000,80000,True,False,False,False,True,False,True,False,False,False,False
2011,150000,280000,True,False,False,False,True,False,True,False,False,False,False
2015,1025000,90000,True,False,False,False,True,False,True,False,True,False,False
2014,1030000,250000,True,False,False,False,True,False,True,False,True,False,False
2012,380000,90000,True,False,False,False,True,False,True,True,False,False,False
2010,250000,110000,True,False,False,False,True,False,True,False,False,False,True
2000,85000,80000,False,False,False,True,True,False,True,False,True,False,False
2016,500000,35000,True,False,False,False,True,False,True,False,False,False,False
2018,350000,15000,False,False,False,True,True,False,True,False,False,False,False
2010,190000,52000,False,False,False,True,True,False,True,False,True,False,False
2009,940000,140000,True,False,False,False,True,False,True,False,False,False,False
2013,475000,60000,False,False,False,True,True,False,True,False,True,False,False
2018,300000,17000,False,False,False,True,True,False,True,False,False,False,False
2016,250000,70000,False,False,False,True,True,False,True,False,False,False,True
2001,93000,97000,False,False,False,True,True,False,True,True,False,False,False
2012,290000,125000,True,False,False,False,True,False,True,False,True,False,False
2010,75000,300000,False,False,False,True,True,False,True,False,False,False,True
2015,1000000,120000,True,False,False,False,True,False,True,False,True,False,False
2015,550000,87000,True,False,False,False,True,False,True,False,False,False,False
2010,285000,75000,True,False,False,False,True,False,True,False,False,False,True
2014,240000,60000,False,False,False,True,True,False,True,False,True,False,False
2015,850000,25000,False,False,False,True,True,False,True,False,False,False,False
2016,650000,26000,False,False,False,True,True,False,True,False,False,False,False
2017,365000,78000,False,False,False,False,True,False,True,False,False,False,False
2016,650000,26000,False,False,False,True,True,False,True,False,False,False,False
2015,260000,35000,False,False,False,True,True,False,True,False,False,False,False
2014,250000,100000,False,False,False,True,True,False,True,False,False,False,False
2007,550000,80000,False,False,False,True,True,False,True,False,True,False,False
2004,70000,90000,False,False,False,True,True,False,True,True,False,False,False
2013,225000,80000,True,False,False,False,True,False,True,False,False,False,False
2002,145000,100000,False,False,False,True,True,False,True,False,False,False,False
2018,930000,20000,True,False,False,False,True,False,True,False,False,False,False
2019,550000,51000,False,False,False,True,True,False,True,False,False,False,False
2008,85000,120000,False,False,False,True,True,False,True,False,True,False,False
2014,280000,55000,False,False,False,True,True,False,True,False,False,False,False
2018,360000,6000,False,False,False,True,True,False,True,False,False,False,False
2011,150000,40000,False,False,False,True,True,False,True,False,True,False,False
2017,900000,15000,False,False,False,True,True,False,False,False,False,False,False
2005,120000,50000,True,False,False,False,True,False,True,False,True,False,False
2010,215000,90000,False,False,False,True,True,False,True,False,True,False,False
2013,550000,38500,True,False,False,False,True,False,True,False,False,False,False
2018,775000,35000,False,False,False,True,True,False,True,False,False,False,False
2001,409999,49359,False,False,False,True,True,False,True,False,False,False,True
2005,65000,70000,False,False,False,True,True,False,True,False,True,False,False
2008,200000,90000,False,False,False,True,True,False,True,False,True,False,False
2010,240000,50000,False,False,False,True,True,False,True,False,True,False,False
2012,800000,108731,True,False,False,False,True,False,True,False,False,False,False
2010,400000,120000,True,False,False,False,True,False,True,False,False,False,False
2012,229999,40000,False,False,False,True,True,False,True,False,True,False,False
2014,580000,120000,True,False,False,False,True,False,True,False,False,False,False
2005,175000,100000,False,False,False,True,True,False,True,True,False,False,False
2012,250000,110000,True,False,False,False,True,False,True,True,False,False,False
2014,320000,80000,False,False,False,True,True,False,True,False,False,False,False
2013,300000,90000,True,False,False,False,True,False,True,False,False,False,False
2017,800000,60000,True,False,False,False,True,False,True,False,False,False,False
2009,245000,75000,True,False,False,False,False,False,False,False,False,False,False
2018,300000,20000,False,False,False,True,True,False,True,False,False,False,False
2017,350000,80000,True,False,False,False,True,False,True,False,False,False,False
2006,70000,105700,False,False,False,True,True,False,True,False,False,False,False
2017,430999,14000,False,False,False,True,False,False,True,False,False,False,False
2010,80000,70000,False,False,False,True,True,False,True,False,False,False,False
2019,335000,28000,False,False,False,True,False,False,True,False,False,False,False
2017,350000,51000,False,False,False,True,False,False,True,False,False,False,False
2018,315000,56000,False,False,False,True,False,False,True,False,False,False,False
2019,1100000,35000,True,False,False,False,True,False,False,False,False,False,False
2005,80000,24000,False,False,False,True,True,False,True,False,False,False,False
2014,285000,64000,False,False,False,True,False,False,True,False,True,False,False
2009,100000,120000,True,False,False,False,True,False,True,False,False,False,True
2011,225000,37091,False,False,False,True,True,False,True,False,False,False,False
2017,4500000,80000,True,False,False,False,True,False,False,False,False,False,False
2018,320000,38900,False,False,False,True,True,False,True,False,False,False,True
2016,1249000,60000,True,False,False,False,True,False,True,False,False,False,True
2008,120000,110000,False,False,False,True,True,False,True,False,False,False,True
2011,200000,100000,True,False,False,False,True,False,True,False,True,False,False
2016,1151000,85000,True,False,False,False,True,False,True,False,False,False,False
2012,120000,140000,True,False,False,False,True,False,True,False,False,False,False
2017,220000,20000,False,False,False,True,True,False,True,False,False,False,False
2017,750000,15000,False,False,False,True,True,False,True,False,False,False,False
2018,784000,40000,True,False,False,False,True,False,True,False,False,False,False
2017,500000,50000,False,False,False,True,True,False,True,False,False,False,False
2018,350000,20000,False,False,False,True,True,False,True,False,False,False,False
2018,1400000,50000,True,False,False,False,True,False,False,False,False,False,False
2014,600000,100000,True,False,False,False,True,False,True,False,True,False,False
2019,525000,9400,False,False,False,True,True,False,True,False,False,False,False
2017,930000,12000,True,False,False,False,True,False,True,False,False,False,False
2017,440000,14100,False,False,False,False,False,False,True,False,False,False,False
2016,434999,21000,False,False,False,True,False,False,True,False,False,False,False
2011,250000,28000,False,False,False,True,False,False,True,False,False,False,False
2017,940000,35000,True,False,False,False,False,False,True,False,False,False,False
2017,1050000,31000,True,False,False,False,False,False,False,False,False,False,False
2016,825000,58000,True,False,False,False,False,False,True,False,False,False,False
2012,229999,25000,False,False,False,True,True,False,True,False,False,False,False
2011,375000,72000,False,False,False,True,False,False,True,False,False,False,False
2013,640000,89000,True,False,False,False,False,False,True,False,False,False,False
2012,800000,160000,True,False,False,False,False,False,True,False,False,False,False
2012,130000,30000,False,False,False,True,True,False,True,False,False,False,True
2014,300000,37555,False,False,False,True,False,False,True,False,False,False,False
2018,440000,14000,False,False,False,True,False,False,True,False,False,False,False
2014,595000,56600,False,False,False,False,False,False,True,False,False,False,False
2013,450000,110000,True,False,False,False,True,False,True,False,False,False,False
2017,690000,50000,True,False,False,False,True,False,True,False,False,False,False
2019,300000,5000,False,False,False,True,True,False,True,False,False,False,False
2014,170000,100000,False,False,False,True,True,False,True,False,True,False,False
2012,280000,120000,True,False,False,False,True,False,True,False,False,False,False
2009,220000,67580,False,False,False,True,True,False,True,False,True,False,False
2009,140000,100000,False,False,False,True,True,False,True,False,False,False,True
2004,45000,60000,False,False,False,True,True,False,True,False,False,False,False
2014,200000,125000,True,False,False,False,True,False,True,False,True,False,False
2008,325000,120000,True,False,False,False,True,False,True,False,True,False,False
2010,300000,130000,True,False,False,False,True,False,True,False,True,False,False
2009,120000,250000,False,False,False,True,True,False,True,False,True,False,False
2016,535000,52600,True,False,False,False,True,False,True,False,False,False,False
2014,520000,82000,True,False,False,False,True,False,True,False,False,False,False
2017,550000,19890,False,False,False,True,False,False,False,False,False,False,False
2015,280000,40000,True,False,False,False,True,False,True,False,False,False,False
2013,225000,78000,True,False,False,False,False,False,True,False,False,False,False
2015,750000,48238,False,False,False,True,False,True,False,False,False,False,False
2016,535000,38365,False,False,False,True,False,False,True,False,False,False,False
2016,1250000,23670,True,False,False,False,False,True,True,False,False,False,False
2017,650000,49834,False,False,False,True,False,True,True,False,False,False,False
2013,295000,57353,False,False,False,True,False,True,True,False,False,False,False
2015,480000,68308,True,False,False,False,False,True,True,False,False,False,False
2015,575000,63240,True,False,False,False,False,True,True,False,False,False,False
2016,509999,60000,True,False,False,False,True,False,True,False,False,False,False
2008,69000,100000,False,False,False,True,True,False,True,False,False,False,False
2013,200000,60000,False,False,False,True,True,False,True,False,False,False,False
2012,449000,90000,True,False,False,False,True,False,True,False,False,False,False
2020,426000,1000,True,False,False,False,True,False,True,False,False,False,False
2017,650000,6000,False,False,False,True,True,False,True,False,False,False,False
2017,260000,50000,True,False,False,False,True,False,True,False,False,False,False
2015,295000,90000,True,False,False,False,True,False,True,False,False,False,True
2017,260000,30000,False,False,False,True,False,False,True,False,False,False,False
2012,120000,140000,True,False,False,False,True,False,True,False,False,False,False
2007,155000,65000,False,False,False,True,False,False,True,False,False,False,False
2015,450000,38000,True,False,False,False,True,False,True,False,False,False,False
2012,320000,80000,True,False,False,False,True,False,True,False,False,False,False
2007,123000,50000,False,False,False,True,True,False,True,False,True,False,False
2006,80000,110000,False,False,False,True,True,False,True,False,False,False,False
2012,220000,90000,False,False,False,True,True,False,True,False,True,False,False
2018,650000,37000,True,False,False,False,False,False,True,False,False,False,False
2018,285000,30000,False,False,False,True,False,False,True,False,False,False,False
2018,725000,26000,False,False,False,True,False,False,False,False,False,False,False
2010,97000,128000,False,False,False,True,True,False,True,False,False,False,False
2016,625000,30000,False,False,False,True,False,False,True,False,False,False,False
2016,550000,23000,False,False,False,True,False,False,True,False,False,False,False
2012,130000,120000,True,False,False,False,True,False,True,False,False,False,False
2012,240000,40000,False,False,False,True,False,False,True,False,False,False,False
2014,600000,27000,True,False,False,False,False,False,True,False,False,False,False
2012,350000,65000,True,False,False,False,False,False,True,False,False,False,False
2015,245000,32000,False,False,False,True,False,False,True,False,False,False,False
2009,199000,52536,False,False,False,True,True,False,True,False,False,False,False
2011,330000,100000,True,False,False,False,True,False,True,False,True,False,False
2009,150000,80000,False,False,False,True,True,False,True,False,False,False,False
2016,927999,90000,True,False,False,False,True,False,True,False,False,False,False
2003,70000,60000,False,False,False,True,True,False,True,True,False,False,False
2015,399000,55000,True,False,False,False,False,False,True,False,False,False,False
2015,350000,90000,True,False,False,False,True,False,True,False,False,False,False
2006,125000,50000,True,False,False,False,True,False,True,False,True,False,False
2008,150000,90000,False,False,False,True,True,False,True,False,True,False,False
2015,250000,25000,False,False,False,True,True,False,True,False,False,False,False
2014,675000,61000,True,False,False,False,False,False,True,False,False,False,False
2018,950000,30000,True,False,False,False,True,False,True,False,False,False,False
2018,409999,45000,False,False,False,False,True,False,True,False,False,False,False
2011,225000,60000,True,False,False,False,True,False,True,False,False,False,False
2008,350000,75000,False,False,False,True,True,False,True,False,True,False,False
2005,51111,140000,False,False,False,True,True,False,True,False,False,False,True
2013,290000,56000,True,False,False,False,False,False,True,False,False,False,False
2006,310000,62000,False,True,False,False,False,False,False,False,True,False,False
2007,212000,58000,True,False,False,False,False,False,True,False,True,False,False
2013,900000,49000,True,False,False,False,False,False,False,False,True,False,False
2011,221000,56000,True,False,False,False,False,False,True,False,True,False,False
2013,675000,73000,True,False,False,False,False,False,True,False,False,False,False
2014,421000,69000,True,False,False,False,False,False,True,False,False,False,False
2008,350000,10000,False,False,False,True,True,False,True,False,False,False,False
2010,140000,110000,False,False,False,False,True,False,True,False,False,False,False
2002,90000,116000,True,False,False,False,True,False,True,False,True,False,False
2018,830000,40000,True,False,False,False,True,False,True,False,False,False,False
2009,180000,30000,False,False,False,True,True,False,True,False,False,False,False
2009,210000,109000,True,False,False,False,True,False,True,False,True,False,False
2017,700000,90000,True,False,False,False,True,False,True,False,False,False,False
2014,45000,7000,False,False,False,True,True,False,True,False,True,False,False
2012,125000,120000,True,False,False,False,True,False,True,False,False,False,False
2017,530000,64916,False,False,False,True,True,False,True,False,False,False,False
2018,800000,37161,True,False,False,False,False,False,True,False,False,False,False
2016,580000,15000,False,False,False,True,True,False,True,False,False,False,False
2012,1400000,118000,True,False,False,False,True,False,False,False,True,False,False
2018,300000,50852,False,False,False,True,True,False,True,False,False,False,False
2016,300000,30000,False,False,False,True,True,False,True,False,False,False,False
2015,700000,77000,True,False,False,False,True,False,True,False,False,False,False
2012,250000,70000,False,False,False,True,True,False,True,False,False,False,True
2016,500000,120000,True,False,False,False,True,False,True,False,False,False,False
2009,428000,40000,False,False,False,True,True,False,False,False,False,False,True
2019,1400000,33000,True,False,False,False,True,False,True,False,False,False,False
2013,219000,53500,False,False,False,True,True,False,True,False,False,False,True
2017,500000,40000,True,False,False,False,True,False,True,False,False,False,False
2014,520000,82000,True,False,False,False,True,False,True,False,False,False,False
2016,509999,60000,True,False,False,False,True,False,True,False,False,False,False
2019,556000,24000,False,False,False,True,True,False,True,False,False,False,False
2014,225000,120000,True,False,False,False,True,False,True,False,False,False,False
2013,325000,65000,True,False,False,False,False,False,True,False,False,False,False
2013,365000,65000,True,False,False,False,False,False,True,False,False,False,False
2015,850000,84000,True,False,False,False,False,False,True,False,False,False,False
2013,350000,75000,True,False,False,False,False,False,True,False,False,False,False
2007,225000,50000,True,False,False,False,False,False,True,False,False,False,False
2011,135000,50000,False,False,False,True,True,False,True,False,False,False,False
2007,140000,49000,False,False,False,True,False,False,True,False,False,False,False
2016,665000,560000,True,False,False,False,False,False,True,False,False,False,False
2015,275000,14365,False,False,False,True,False,False,True,False,False,False,False
2017,2750000,41000,True,False,False,False,True,False,False,False,False,False,False
2013,484999,65000,True,False,False,False,False,False,True,False,False,False,False
2015,565000,65000,True,False,False,False,False,False,True,False,False,False,False
2013,425000,61083,True,False,False,False,False,False,True,False,False,False,False
2013,925000,75000,True,False,False,False,True,False,True,False,False,False,False
2012,565000,72000,True,False,False,False,False,False,True,False,False,False,False
2014,525000,65000,True,False,False,False,False,False,True,False,False,False,False
2010,409999,60000,False,False,False,True,True,False,True,False,False,False,False
2018,570000,5000,False,False,False,True,True,False,True,False,False,False,False
2007,160000,80000,False,False,False,True,True,False,True,False,False,False,True
2017,749000,51500,True,False,False,False,True,False,True,False,True,False,False
2010,300000,120000,True,False,False,False,True,False,True,False,False,False,True
2014,550000,79800,True,False,False,False,False,False,True,False,False,False,False
2015,550000,97000,True,False,False,False,False,False,True,False,True,False,False
2019,1250000,6590,True,False,False,False,False,False,True,False,False,False,False
2017,700000,49957,True,False,False,False,False,False,True,False,False,False,False
2017,600000,43235,True,False,False,False,False,False,True,False,False,False,False
2018,925000,50699,True,False,False,False,False,False,True,False,False,False,False
2016,1800000,126000,True,False,False,False,False,False,False,False,False,False,False
2015,459999,140730,True,False,False,False,False,False,True,False,True,False,False
2015,565000,46000,False,False,False,True,True,False,True,False,False,False,False
2013,170000,80000,False,False,False,True,True,False,True,False,False,False,True
2001,150000,256000,True,False,False,False,False,False,True,False,False,False,False
2008,295000,120000,True,False,False,False,True,False,True,False,False,False,False
2018,819999,40000,True,False,False,False,True,False,True,False,False,False,False
2019,819999,40000,True,False,False,False,True,False,True,False,False,False,False
2015,320000,40000,False,False,False,True,True,False,True,False,False,False,False
2015,550000,135000,True,False,False,False,True,False,True,False,True,False,False
2015,550000,50000,True,False,False,False,True,False,True,False,False,False,False
2017,590000,98000,True,False,False,False,True,False,True,False,False,False,False
2014,1050000,70000,True,False,False,False,True,False,True,False,False,False,False
2017,950000,50000,True,False,False,False,True,False,True,False,False,False,False
2017,1000000,30000,True,False,False,False,True,False,True,False,False,False,False
2013,500000,120000,True,False,False,False,True,False,True,False,False,False,False
2017,450000,70000,True,False,False,False,True,False,True,False,False,False,False
2017,720000,35000,True,False,False,False,True,False,True,False,False,False,False
2015,390000,70000,True,False,False,False,True,False,True,False,True,False,False
2014,500000,35000,True,False,False,False,True,False,True,False,False,False,False
2016,2500000,70000,False,False,False,True,True,False,False,False,True,False,False
2017,780000,50000,True,False,False,False,True,False,True,False,False,False,False
2015,484999,90000,True,False,False,False,True,False,True,False,True,False,False
2012,420000,90000,True,False,False,False,True,False,True,False,True,False,False
2015,1225000,70000,True,False,False,False,True,False,True,False,False,False,False
2015,350000,50000,True,False,False,False,True,False,True,False,True,False,False
2015,350000,120000,True,False,False,False,True,False,True,False,False,False,True
2011,800000,230000,True,False,False,False,True,False,True,False,False,False,False
2004,125000,70000,False,False,False,True,True,False,False,False,True,False,False
2010,75000,100000,True,False,False,False,True,False,True,False,False,False,True
2018,509999,15000,False,False,False,True,True,False,True,False,False,False,False
2014,215000,80000,True,False,False,False,True,False,True,False,False,False,True
2018,465000,25000,True,False,False,False,True,False,True,False,False,False,False
2017,625000,52000,False,False,False,True,False,False,True,False,False,False,False
2017,490000,66000,True,False,False,False,False,False,True,False,False,False,False
2017,880000,64000,True,False,False,False,False,False,True,False,False,False,False
2013,290000,49000,False,False,False,True,True,False,True,False,False,False,False
2006,115999,100000,True,False,False,False,True,False,True,False,True,False,False
2017,685000,72000,True,False,False,False,False,False,True,False,False,False,False
2009,300000,50000,False,False,False,True,True,False,True,False,False,False,False
2017,680000,44000,True,False,False,False,False,False,True,False,False,False,False
2014,480000,101000,True,False,False,False,False,False,True,False,False,False,False
2016,630000,55000,True,False,False,False,False,False,True,False,False,False,False
2007,190000,115000,False,False,False,True,False,False,True,False,True,False,False
2015,500000,100000,True,False,False,False,False,False,True,False,False,False,False
2014,850000,52000,True,False,False,False,False,False,True,False,True,False,False
2011,350000,105000,True,False,False,False,False,False,True,False,False,False,False
2013,425000,170000,True,False,False,False,False,False,True,False,False,False,False
2015,495000,105000,True,False,False,False,False,False,True,False,False,False,False
2017,890000,60000,True,False,False,False,True,False,True,False,True,False,False
2018,1100000,25000,True,False,False,False,True,False,False,False,True,False,False
2014,650000,218000,True,False,False,False,True,False,True,False,True,False,False
2018,465000,25000,True,False,False,False,True,False,True,False,False,False,False
2017,625000,52000,False,False,False,True,False,False,True,False,False,False,False
2017,490000,66000,True,False,False,False,False,False,True,False,False,False,False
2017,880000,64000,True,False,False,False,False,False,True,False,False,False,False
2013,290000,49000,False,False,False,True,True,False,True,False,False,False,False
2006,115999,100000,True,False,False,False,True,False,True,False,True,False,False
2017,685000,72000,True,False,False,False,False,False,True,False,False,False,False
2009,300000,50000,False,False,False,True,True,False,True,False,False,False,False
2017,680000,44000,True,False,False,False,False,False,True,False,False,False,False
2014,480000,101000,True,False,False,False,False,False,True,False,False,False,False
2016,630000,55000,True,False,False,False,False,False,True,False,False,False,False
2007,190000,115000,False,False,False,True,False,False,True,False,True,False,False
2015,500000,100000,True,False,False,False,False,False,True,False,False,False,False
2014,850000,52000,True,False,False,False,False,False,True,False,True,False,False
2011,350000,105000,True,False,False,False,False,False,True,False,False,False,False
2013,425000,170000,True,False,False,False,False,False,True,False,False,False,False
2015,495000,105000,True,False,False,False,False,False,True,False,False,False,False
2017,890000,60000,True,False,False,False,True,False,True,False,True,False,False
2018,1100000,25000,True,False,False,False,True,False,False,False,True,False,False
2014,650000,218000,True,False,False,False,True,False,True,False,True,False,False
2009,233000,58000,False,False,False,True,True,False,True,False,False,False,True
2015,300000,110000,True,False,False,False,True,False,True,False,True,False,False
2020,614000,1000,False,False,False,True,True,False,True,False,False,False,False
2010,250000,100000,False,False,False,True,True,False,True,False,True,False,False
2010,250000,110000,False,False,False,True,True,False,True,False,True,False,False
2011,200000,40000,False,False,False,True,True,False,True,False,False,False,False
2013,290000,52000,False,False,False,True,True,False,True,False,False,False,False
2013,320000,80000,False,False,False,True,True,False,True,False,True,False,False
2006,145000,52000,False,False,False,True,True,False,True,False,True,False,False
2005,100000,124000,False,False,False,True,True,False,True,False,True,False,False
2010,130000,210000,True,False,False,False,True,False,True,False,True,False,False
2006,145000,66000,False,False,False,True,True,False,False,False,True,False,False
2008,110000,120000,False,False,False,True,True,False,True,False,False,False,True
2019,680000,40000,True,False,False,False,True,False,True,False,False,False,False
2004,37500,90000,False,False,False,True,True,False,True,False,True,False,False
2011,200000,120000,True,False,False,False,True,False,True,False,True,False,False
2012,300000,110000,True,False,False,False,True,False,True,False,False,False,False
2005,80000,56580,False,False,False,True,False,False,True,False,False,False,False
2015,740000,45000,True,False,False,False,False,False,False,False,False,False,False
2015,630000,50000,True,False,False,False,True,False,True,False,False,False,False
2005,70000,68500,False,False,False,True,False,False,True,False,False,False,False
2019,484999,5007,False,False,False,True,False,False,False,False,False,False,False
2013,164000,30000,False,False,False,True,True,False,True,False,False,False,False
2008,140000,70000,False,False,False,True,True,False,False,False,False,False,False
2011,999000,49600,True,False,False,False,False,False,False,False,False,False,False
2005,56000,23000,False,False,False,True,True,False,True,False,True,False,False
2006,1050000,30000,True,False,False,False,False,False,False,False,False,False,False
2010,190000,38000,False,False,False,True,False,False,True,False,False,False,False
2018,3899000,22000,True,False,False,False,False,False,False,False,False,False,False
2011,150000,40000,True,False,False,False,True,False,True,False,True,False,False
2011,235000,43100,False,False,False,True,False,False,True,False,False,False,False
2019,599000,15000,True,False,False,False,True,False,True,False,False,False,True
2018,200000,35000,False,False,False,True,True,False,True,False,False,False,False
2017,350000,10171,False,False,False,True,False,False,True,False,False,False,False
2015,465000,41123,True,False,False,False,False,False,True,False,False,False,False
2017,1900000,20118,False,False,False,True,False,False,False,False,False,False,False
2019,1000000,15000,True,False,False,False,True,False,True,False,False,False,False
2019,2800000,10000,True,False,False,False,True,False,False,False,False,False,False
2015,470000,170000,True,False,False,False,True,False,True,False,False,False,False
2017,415000,20000,False,False,False,True,True,False,True,False,False,False,False
2014,500000,82000,True,False,False,False,True,False,True,False,False,False,False
2013,150000,60000,False,False,False,True,True,False,True,False,True,False,False
2005,95000,50000,False,False,False,True,True,False,True,False,True,False,False
2012,400000,70000,True,False,False,False,True,False,True,False,False,False,False
2008,114999,66782,False,False,False,True,True,False,True,False,True,False,False
2006,75000,130000,False,False,False,True,True,False,True,False,False,False,False
2013,500000,120000,True,False,False,False,True,False,True,False,False,False,False
2014,195000,75000,False,False,False,True,True,False,True,False,True,False,False
2015,155000,40000,False,False,False,True,True,False,True,False,False,False,False
2000,65000,90000,False,False,False,True,True,False,True,False,True,False,False
2005,65000,150000,False,False,False,True,True,False,True,False,False,False,True
2015,190000,60000,False,False,False,True,True,False,True,False,True,False,False
2012,200000,112198,True,False,False,False,True,False,True,False,True,False,False
2010,160000,60000,False,False,False,True,True,False,True,False,True,False,False
2010,150000,130000,True,False,False,False,True,False,True,False,True,False,False
2015,530000,175000,True,False,False,False,True,False,True,False,False,False,True
2015,750000,120000,True,False,False,False,True,False,True,False,False,False,False
2012,225000,90000,True,False,False,False,True,False,True,False,True,False,False
2012,600000,170000,True,False,False,False,True,False,True,False,False,False,False
2014,409999,80000,True,False,False,False,True,False,True,False,True,False,False
2014,409999,80000,True,False,False,False,True,False,True,False,True,False,False
2009,110000,83000,False,False,False,True,True,False,True,False,True,False,False
2016,865000,90000,True,False,False,False,True,False,True,False,False,False,False
2016,225000,40000,False,False,False,True,True,False,True,False,False,False,False
